amplitude,electrode,suj,peaks,signal_type
0.0166502284497752,p01_A_3_4,p01,first_peak,HFa
0.0153055750669409,p01_A_4_5,p01,first_peak,HFa
0.0169549126797362,p01_A_9_10,p01,first_peak,HFa
0.0185818991406411,p01_A_10_11,p01,first_peak,HFa
0.0144396512082425,p01_B_1_2,p01,first_peak,HFa
0.0161941880964121,p01_B_2_3,p01,first_peak,HFa
0.0158863415618507,p01_B_3_4,p01,first_peak,HFa
0.0168711317165172,p01_B_4_5,p01,first_peak,HFa
0.0139092285479298,p01_B_5_6,p01,first_peak,HFa
0.016475842804082,p01_GPH_7_8,p01,first_peak,HFa
0.0236596673489024,p01_H_2_3,p01,first_peak,HFa
0.0150708365430151,p01_H_8_9,p01,first_peak,HFa
0.0230205814336591,p01_H_9_10,p01,first_peak,HFa
0.0137201007958183,p01_H_10_11,p01,first_peak,HFa
0.013110311123398,p01_H_11_12,p01,first_peak,HFa
0.0229954579183674,p01_H_12_13,p01,first_peak,HFa
0.0131057706754347,p01_H_13_14,p01,first_peak,HFa
0.0187117899906412,p01_OF_6_7,p01,first_peak,HFa
0.0138805774356511,p01_T_1_2,p01,first_peak,HFa
0.0173877494852758,p01_T_2_3,p01,first_peak,HFa
0.0157983436664654,p01_T_3_4,p01,first_peak,HFa
0.0138345702569845,p01_T_4_5,p01,first_peak,HFa
0.0172930732688906,p01_T_5_6,p01,first_peak,HFa
0.017034685675173,p01_T_6_7,p01,first_peak,HFa
0.0149966765578111,p01_T_7_8,p01,first_peak,HFa
0.0127855748118943,p01_TB_3_4,p01,first_peak,HFa
0.0158301851623662,p01_TB_4_5,p01,first_peak,HFa
0.0114019696835948,p01_TB_5_6,p01,first_peak,HFa
0.0166312664160562,p01_TB_11_12,p01,first_peak,HFa
0.0271908657211071,p02_H_5_6,p02,first_peak,HFa
0.0249227255718609,p02_H_6_7,p02,first_peak,HFa
0.0238658977837244,p02_H_7_8,p02,first_peak,HFa
0.034460874132104,p02_H_8_9,p02,first_peak,HFa
0.0330839346938916,p02_H_9_10,p02,first_peak,HFa
0.0403212438200707,p02_H_10_11,p02,first_peak,HFa
0.0162889698165519,p02_H_11_12,p02,first_peak,HFa
0.0179011454318703,p02_H_12_13,p02,first_peak,HFa
0.0147890356301799,p02_H_13_14,p02,first_peak,HFa
0.0124716307992127,p02_H_14_15,p02,first_peak,HFa
0.0271888213647622,p02_H'_5_6,p02,first_peak,HFa
0.0316988407938872,p02_H'_6_7,p02,first_peak,HFa
0.019927311439499,p02_H'_7_8,p02,first_peak,HFa
0.0228117896617801,p02_H'_8_9,p02,first_peak,HFa
0.0277768004460886,p02_H'_9_10,p02,first_peak,HFa
0.0245346783548178,p02_H'_10_11,p02,first_peak,HFa
0.0244651222537287,p02_H'_11_12,p02,first_peak,HFa
0.0285929672488223,p02_H'_12_13,p02,first_peak,HFa
0.0187887203530138,p02_Im'_5_6,p02,first_peak,HFa
0.0146021808232014,p02_Im'_6_7,p02,first_peak,HFa
0.0147874495802689,p02_Im'_7_8,p02,first_peak,HFa
0.0150062010405238,p02_Ip_1_2,p02,first_peak,HFa
0.0148352717779066,p02_Ip'_7_8,p02,first_peak,HFa
0.0148734379544581,p02_OF_12_13,p02,first_peak,HFa
0.0169852890647914,p03_A'_1_2,p03,first_peak,HFa
0.0128582323874317,p03_A'_2_3,p03,first_peak,HFa
0.0134687505569408,p03_A'_3_4,p03,first_peak,HFa
0.0166532606668469,p03_A'_11_12,p03,first_peak,HFa
0.015308659929819,p03_A'_12_13,p03,first_peak,HFa
0.0170002970749717,p03_A'_13_14,p03,first_peak,HFa
0.0156158483173265,p03_B'_1_2,p03,first_peak,HFa
0.0154042790630093,p03_B'_2_3,p03,first_peak,HFa
0.014219293237917,p03_B'_3_4,p03,first_peak,HFa
0.0143756955533803,p03_B'_8_9,p03,first_peak,HFa
0.0191125502870837,p03_B'_11_12,p03,first_peak,HFa
0.0189342721621375,p03_B'_12_13,p03,first_peak,HFa
0.0167725811087676,p03_C'_1_2,p03,first_peak,HFa
0.0428213443174572,p03_H_6_7,p03,first_peak,HFa
0.0235936146268909,p03_H'_6_7,p03,first_peak,HFa
0.0201870859399005,p03_H'_7_8,p03,first_peak,HFa
0.014220318390437,p03_H'_8_9,p03,first_peak,HFa
0.0189493431937782,p03_H'_9_10,p03,first_peak,HFa
0.0200018035058109,p03_H'_10_11,p03,first_peak,HFa
0.0121520677043828,p03_Ia'_3_4,p03,first_peak,HFa
0.0161932602686401,p03_Ia'_4_5,p03,first_peak,HFa
0.0178944419588492,p03_OF'_5_6,p03,first_peak,HFa
0.0170290509551381,p03_OF'_10_11,p03,first_peak,HFa
0.0155697883475092,p03_OF'_11_12,p03,first_peak,HFa
0.0155709373098072,p03_OP'_4_5,p03,first_peak,HFa
0.0209706963947101,p03_OP'_6_7,p03,first_peak,HFa
0.0168947137092481,p03_T'_7_8,p03,first_peak,HFa
0.0141651444101148,p03_TB_10_11,p03,first_peak,HFa
0.0157250827019127,p03_TB'_6_7,p03,first_peak,HFa
0.0159424125291685,p03_TB'_7_8,p03,first_peak,HFa
0.0149428918597034,p03_TB'_8_9,p03,first_peak,HFa
0.0148995000564262,p03_TB'_9_10,p03,first_peak,HFa
0.0144079043406192,p03_TB'_10_11,p03,first_peak,HFa
0.0155163253001783,p03_TP'_2_3,p03,first_peak,HFa
0.0215395821563289,p03_TP'_3_4,p03,first_peak,HFa
0.0168420231169958,p03_TP'_7_8,p03,first_peak,HFa
0.0194497257898534,p03_TP'_8_9,p03,first_peak,HFa
0.0141717089219591,p04_A'_7_8,p04,first_peak,HFa
0.0153083845886966,p04_A'_8_9,p04,first_peak,HFa
0.0160162857150133,p04_A'_9_10,p04,first_peak,HFa
0.0148415625821666,p04_A'_10_11,p04,first_peak,HFa
0.0163701735087722,p04_A'_11_12,p04,first_peak,HFa
0.019526322477669,p04_B'_3_4,p04,first_peak,HFa
0.0124723438901719,p04_B'_4_5,p04,first_peak,HFa
0.0154850681349083,p04_B'_5_6,p04,first_peak,HFa
0.0179285804166112,p04_B'_8_9,p04,first_peak,HFa
0.0174925074935504,p04_B'_9_10,p04,first_peak,HFa
0.017633967908744,p04_B'_10_11,p04,first_peak,HFa
0.0107713021461023,p04_C'_1_2,p04,first_peak,HFa
0.0158218460755469,p04_C'_4_5,p04,first_peak,HFa
0.0148818833084116,p04_C'_5_6,p04,first_peak,HFa
0.0186513419455013,p04_C'_11_12,p04,first_peak,HFa
0.0142882561567422,p04_C'_12_13,p04,first_peak,HFa
0.0206449690716697,p04_FCA'_6_7,p04,first_peak,HFa
0.0178625948538388,p04_FCA'_9_10,p04,first_peak,HFa
0.0239618946353105,p04_FCA'_10_11,p04,first_peak,HFa
0.0155290909402163,p04_FCA'_11_12,p04,first_peak,HFa
0.0219040927515692,p04_FCA'_12_13,p04,first_peak,HFa
0.0194678857153896,p04_GPH'_1_2,p04,first_peak,HFa
0.0175093343317936,p04_GPH'_2_3,p04,first_peak,HFa
0.0138251398756507,p04_GPH'_10_11,p04,first_peak,HFa
0.0337892120236755,p04_H_7_8,p04,first_peak,HFa
0.0402045303399847,p04_H_8_9,p04,first_peak,HFa
0.0522228118812881,p04_H_9_10,p04,first_peak,HFa
0.0316218131271566,p04_H_10_11,p04,first_peak,HFa
0.0352681677920694,p04_H_11_12,p04,first_peak,HFa
0.0321509497668644,p04_H_12_13,p04,first_peak,HFa
0.0132579246661228,p04_H_13_14,p04,first_peak,HFa
0.0151995239927785,p04_H_14_15,p04,first_peak,HFa
0.0364473419360202,p04_H'_5_6,p04,first_peak,HFa
0.0413478392467712,p04_H'_6_7,p04,first_peak,HFa
0.0340744032661154,p04_H'_7_8,p04,first_peak,HFa
0.0321682559352432,p04_H'_8_9,p04,first_peak,HFa
0.0295666485726147,p04_H'_9_10,p04,first_peak,HFa
0.0331056078225032,p04_H'_10_11,p04,first_peak,HFa
0.0209167741175739,p04_H'_11_12,p04,first_peak,HFa
0.0199345153045158,p04_H'_12_13,p04,first_peak,HFa
0.0158085364380075,p04_Hetb'_1_2,p04,first_peak,HFa
0.0211062102251862,p04_Hetp_14_15,p04,first_peak,HFa
0.0152165271323021,p04_OT_2_3,p04,first_peak,HFa
0.017202229905404,p04_OT_3_4,p04,first_peak,HFa
0.0147830896922025,p04_OT'_1_2,p04,first_peak,HFa
0.0169054219021264,p04_OT'_3_4,p04,first_peak,HFa
0.0157320592103774,p04_OT'_4_5,p04,first_peak,HFa
0.017912661387545,p04_PFG'_5_6,p04,first_peak,HFa
0.0171567115663392,p04_PFG'_6_7,p04,first_peak,HFa
0.0233588680367859,p04_PFG'_7_8,p04,first_peak,HFa
0.0209338890561452,p04_PFG'_8_9,p04,first_peak,HFa
0.0281083985262079,p04_PFG'_9_10,p04,first_peak,HFa
0.0271967472233235,p04_PFG'_10_11,p04,first_peak,HFa
0.0166814823179927,p04_PFG'_11_12,p04,first_peak,HFa
0.0138102867570683,p05_H_5_6,p05,first_peak,HFa
0.0165497559605982,p05_H_6_7,p05,first_peak,HFa
0.0159791174294819,p05_H_7_8,p05,first_peak,HFa
0.0285494008648536,p05_H_8_9,p05,first_peak,HFa
0.027035634524204,p05_H_9_10,p05,first_peak,HFa
0.0360851283619688,p05_H_10_11,p05,first_peak,HFa
0.040118873471733,p05_H_11_12,p05,first_peak,HFa
0.0145488840573428,p05_H'_5_6,p05,first_peak,HFa
0.0537396710251345,p05_H'_6_7,p05,first_peak,HFa
0.0545983811082158,p05_H'_7_8,p05,first_peak,HFa
0.056791834688113,p05_H'_8_9,p05,first_peak,HFa
0.0417522543800935,p05_H'_9_10,p05,first_peak,HFa
0.0299800554316544,p05_H'_10_11,p05,first_peak,HFa
0.0204237904648744,p05_H'_11_12,p05,first_peak,HFa
0.0304792119703154,p05_H'_12_13,p05,first_peak,HFa
0.0158821464660077,p05_OF'_7_8,p05,first_peak,HFa
0.0146637833621021,p05_T'_2_3,p05,first_peak,HFa
0.0158264516287673,p05_TB'_1_2,p05,first_peak,HFa
0.0148039330404274,p06_A'_1_2,p06,first_peak,HFa
0.0166947003420611,p06_A'_3_4,p06,first_peak,HFa
0.0155730456293288,p06_B'_1_2,p06,first_peak,HFa
0.0156844330222412,p06_B'_4_5,p06,first_peak,HFa
0.0175175096868439,p06_B'_5_6,p06,first_peak,HFa
0.0169218553123568,p06_B'_6_7,p06,first_peak,HFa
0.0189599731082299,p06_C'_5_6,p06,first_peak,HFa
0.0136303783696555,p06_C'_6_7,p06,first_peak,HFa
0.0158527951889837,p06_FCA'_4_5,p06,first_peak,HFa
0.0192430390410729,p06_FCA'_5_6,p06,first_peak,HFa
0.0174487538419724,p06_FCA'_6_7,p06,first_peak,HFa
0.014711887789834,p06_GC_1_2,p06,first_peak,HFa
0.0158443489174359,p06_GC'_6_7,p06,first_peak,HFa
0.0187537124965483,p06_GC'_7_8,p06,first_peak,HFa
0.0157805503379616,p06_GC'_8_9,p06,first_peak,HFa
0.0164377611997543,p06_GC'_9_10,p06,first_peak,HFa
0.0389942529214114,p06_H'_5_6,p06,first_peak,HFa
0.0295755808062041,p06_H'_6_7,p06,first_peak,HFa
0.0247150536951302,p06_H'_7_8,p06,first_peak,HFa
0.0368709202552521,p06_H'_8_9,p06,first_peak,HFa
0.0283824619736418,p06_H'_9_10,p06,first_peak,HFa
0.026896197134997,p06_H'_10_11,p06,first_peak,HFa
0.0172952946465645,p06_H'_11_12,p06,first_peak,HFa
0.0233681594745489,p06_H'_12_13,p06,first_peak,HFa
0.0158755683846689,p06_LesB_1_2,p06,first_peak,HFa
0.0118677282586621,p06_LesB_2_3,p06,first_peak,HFa
0.0163758924874417,p06_LesB_3_4,p06,first_peak,HFa
0.0165642281197618,p06_LesB_4_5,p06,first_peak,HFa
0.0153589343829899,p06_OL'_1_2,p06,first_peak,HFa
0.0124132460545354,p06_OL'_7_8,p06,first_peak,HFa
0.0161564684333457,p06_OL'_9_10,p06,first_peak,HFa
0.0124779083467025,p06_OT'_5_6,p06,first_peak,HFa
0.0155198500183882,p06_OT'_11_12,p06,first_peak,HFa
0.0147584284459157,p06_OT'_12_13,p06,first_peak,HFa
0.0168220825457566,p06_TB'_4_5,p06,first_peak,HFa
0.0163869638713623,p06_TB'_9_10,p06,first_peak,HFa
0.0172668990339319,p06_TP'_1_2,p06,first_peak,HFa
0.019635082658541,p06_TP'_2_3,p06,first_peak,HFa
0.0163636049651292,p06_TP'_3_4,p06,first_peak,HFa
0.0172415095115647,p07_H_5_6,p07,first_peak,HFa
0.0187424601848559,p07_H_6_7,p07,first_peak,HFa
0.0181220382166811,p07_H_7_8,p07,first_peak,HFa
0.0196423872110051,p07_H_8_9,p07,first_peak,HFa
0.0325954976188731,p07_H_9_10,p07,first_peak,HFa
0.0208993244515097,p07_H_10_11,p07,first_peak,HFa
0.0132862115081511,p07_H_11_12,p07,first_peak,HFa
0.0156309044309507,p07_H_12_13,p07,first_peak,HFa
0.0138117638753464,p07_H_13_14,p07,first_peak,HFa
0.0146536019612941,p07_Im_4_5,p07,first_peak,HFa
0.0126466723907286,p07_Im_5_6,p07,first_peak,HFa
0.0192360699532558,p07_Im'_2_3,p07,first_peak,HFa
0.015192868574298,p07_Im'_3_4,p07,first_peak,HFa
0.0128297501812945,p07_Im'_14_15,p07,first_peak,HFa
0.0180349818292809,p07_OC_5_6,p07,first_peak,HFa
0.0150549179607053,p07_OC_6_7,p07,first_peak,HFa
0.0180230524850917,p07_OP_1_2,p07,first_peak,HFa
0.0159630198991488,p07_OP_2_3,p07,first_peak,HFa
0.0151169380815093,p07_OP_3_4,p07,first_peak,HFa
0.0144413373181587,p07_OP_4_5,p07,first_peak,HFa
0.0165348611460779,p07_PA_2_3,p07,first_peak,HFa
0.0143630739386475,p07_PA_3_4,p07,first_peak,HFa
0.0192576480127198,p08_A_1_2,p08,first_peak,HFa
0.0179896519120949,p08_A_2_3,p08,first_peak,HFa
0.0138103768547606,p08_A_3_4,p08,first_peak,HFa
0.0139736684084489,p08_A_4_5,p08,first_peak,HFa
0.0189795897070317,p08_A_5_6,p08,first_peak,HFa
0.0140755609110305,p08_A_9_10,p08,first_peak,HFa
0.0153193993118693,p08_A_12_13,p08,first_peak,HFa
0.0152815093140187,p08_C_8_9,p08,first_peak,HFa
0.0134618652835764,p08_C_9_10,p08,first_peak,HFa
0.0163640080913116,p08_C_10_11,p08,first_peak,HFa
0.0134867151590046,p08_C_11_12,p08,first_peak,HFa
0.0138473874516925,p08_H_5_6,p08,first_peak,HFa
0.01839356023174,p08_H_6_7,p08,first_peak,HFa
0.0235156028982594,p08_H_7_8,p08,first_peak,HFa
0.0317717473381789,p08_H_8_9,p08,first_peak,HFa
0.0302853442594422,p08_H_9_10,p08,first_peak,HFa
0.0324723374769868,p08_H_10_11,p08,first_peak,HFa
0.0198227842113798,p08_H_11_12,p08,first_peak,HFa
0.0181847971754276,p08_H_12_13,p08,first_peak,HFa
0.0270522329599928,p08_H_13_14,p08,first_peak,HFa
0.0186463975227306,p08_H'_6_7,p08,first_peak,HFa
0.0220406086132688,p08_H'_7_8,p08,first_peak,HFa
0.034571212099812,p08_H'_8_9,p08,first_peak,HFa
0.0410147140080298,p08_H'_9_10,p08,first_peak,HFa
0.0419940843259485,p08_H'_10_11,p08,first_peak,HFa
0.0326915499656813,p08_H'_11_12,p08,first_peak,HFa
0.0362051352730934,p08_H'_12_13,p08,first_peak,HFa
0.0299309755685967,p08_H'_13_14,p08,first_peak,HFa
0.0139268419923489,p08_Ia_1_2,p08,first_peak,HFa
0.0143503882304202,p08_Ia_2_3,p08,first_peak,HFa
0.0164382758632223,p08_Im_8_9,p08,first_peak,HFa
0.0151109430545683,p08_Im_9_10,p08,first_peak,HFa
0.0190874739666828,p08_T_1_2,p08,first_peak,HFa
0.0120577772941805,p08_T_2_3,p08,first_peak,HFa
0.0146521837528881,p08_T_3_4,p08,first_peak,HFa
0.0120807474484179,p08_T_4_5,p08,first_peak,HFa
0.0189585325705703,p08_T_5_6,p08,first_peak,HFa
0.017004914968544,p08_T_6_7,p08,first_peak,HFa
0.0152025115717568,p08_T_7_8,p08,first_peak,HFa
0.0137786471171538,p08_TB_1_2,p08,first_peak,HFa
0.0182830509725799,p08_TB_2_3,p08,first_peak,HFa
0.0130786041137613,p08_TP_1_2,p08,first_peak,HFa
0.014399069705291,p08_TP_2_3,p08,first_peak,HFa
0.0118919062959986,p08_TP_3_4,p08,first_peak,HFa
0.0141061139710879,p08_TP_4_5,p08,first_peak,HFa
0.0169687958472008,p08_TP_5_6,p08,first_peak,HFa
0.0266595325484099,p08_TP_6_7,p08,first_peak,HFa
0.0213282283234726,p08_TP_7_8,p08,first_peak,HFa
0.0289038855854734,p08_TP_8_9,p08,first_peak,HFa
0.0258293640852705,p08_TP_9_10,p08,first_peak,HFa
0.0235771459087437,p08_TP_10_11,p08,first_peak,HFa
0.0182371580514652,p09_A'_1_2,p09,first_peak,HFa
0.0144963195918595,p09_A'_2_3,p09,first_peak,HFa
0.0161403169770182,p09_A'_3_4,p09,first_peak,HFa
0.0162559282763831,p09_C_8_9,p09,first_peak,HFa
0.0179083530090002,p09_C_9_10,p09,first_peak,HFa
0.0162537812738883,p09_C_10_11,p09,first_peak,HFa
0.0172310911400373,p09_FCA_12_13,p09,first_peak,HFa
0.0213755359004949,p09_H_5_6,p09,first_peak,HFa
0.0173814879079603,p09_H_6_7,p09,first_peak,HFa
0.016100255756919,p09_H_7_8,p09,first_peak,HFa
0.0275195099820214,p09_H_8_9,p09,first_peak,HFa
0.029909416174505,p09_H_9_10,p09,first_peak,HFa
0.0304490083186172,p09_H_10_11,p09,first_peak,HFa
0.0247451709000638,p09_H_11_12,p09,first_peak,HFa
0.0198168113537043,p09_H_12_13,p09,first_peak,HFa
0.0175405428861049,p09_H_13_14,p09,first_peak,HFa
0.0151353965490415,p09_H'_5_6,p09,first_peak,HFa
0.016347816687639,p09_H'_8_9,p09,first_peak,HFa
0.0197841308434117,p09_H'_9_10,p09,first_peak,HFa
0.0121939177190344,p09_H'_10_11,p09,first_peak,HFa
0.0191812907146155,p09_H'_11_12,p09,first_peak,HFa
0.0183866842572948,p09_H'_12_13,p09,first_peak,HFa
0.0162551586532432,p09_H'_13_14,p09,first_peak,HFa
0.0180659705670984,p09_H'_14_15,p09,first_peak,HFa
0.0175253886410491,p09_HA'_1_2,p09,first_peak,HFa
0.0170702643932172,p09_HA'_4_5,p09,first_peak,HFa
0.0194804255822561,p10_GC_7_8,p10,first_peak,HFa
0.0186236349878857,p10_H_7_8,p10,first_peak,HFa
0.031685524488708,p10_H_8_9,p10,first_peak,HFa
0.0483275036697727,p10_H_9_10,p10,first_peak,HFa
0.026255057922383,p10_H_10_11,p10,first_peak,HFa
0.0194531312584063,p10_H_11_12,p10,first_peak,HFa
0.0214663339105111,p10_H_12_13,p10,first_peak,HFa
0.0282577227158442,p10_H_13_14,p10,first_peak,HFa
0.0196434080432332,p10_H_14_15,p10,first_peak,HFa
0.0169590128269631,p10_Ia_4_5,p10,first_peak,HFa
0.0151140269879139,p10_Ia_5_6,p10,first_peak,HFa
0.015527543720316,p10_Ia_6_7,p10,first_peak,HFa
0.016830979693135,p10_Ip_6_7,p10,first_peak,HFa
0.0167043820613425,p10_Ip_7_8,p10,first_peak,HFa
0.0117556953160642,p10_Ip_8_9,p10,first_peak,HFa
0.0192030305549309,p11_CP'_5_6,p11,first_peak,HFa
0.014734057791236,p11_H'_2_3,p11,first_peak,HFa
0.016021025009219,p11_H'_6_7,p11,first_peak,HFa
0.0213939975005803,p11_H'_7_8,p11,first_peak,HFa
0.0185868421309842,p11_H'_8_9,p11,first_peak,HFa
0.0188770318465048,p11_H'_9_10,p11,first_peak,HFa
0.0166058887376359,p11_Id'_2_3,p11,first_peak,HFa
0.0159038212521864,p11_Id'_3_4,p11,first_peak,HFa
0.0158252526303471,p11_Id'_4_5,p11,first_peak,HFa
0.0123079185866072,p11_Id'_5_6,p11,first_peak,HFa
0.0145497634473733,p11_Id'_6_7,p11,first_peak,HFa
0.0162618039242868,p11_Id'_8_9,p11,first_peak,HFa
0.0252062631188334,p11_Ie'_6_7,p11,first_peak,HFa
0.028669789960493,p11_Ie'_7_8,p11,first_peak,HFa
0.0238149390929707,p11_Ie'_8_9,p11,first_peak,HFa
0.0177755332935195,p11_Ie'_10_11,p11,first_peak,HFa
0.0190725785288649,p11_Ie'_11_12,p11,first_peak,HFa
0.0161070392987021,p11_OF'_3_4,p11,first_peak,HFa
0.0171683529521487,p11_OF'_4_5,p11,first_peak,HFa
0.0177298764638045,p11_OF'_9_10,p11,first_peak,HFa
0.0172922389973301,p11_OP'_1_2,p11,first_peak,HFa
0.0157493489168597,p11_OP'_2_3,p11,first_peak,HFa
0.0164661838964933,p11_OP'_3_4,p11,first_peak,HFa
0.0154143588289607,p11_OP'_4_5,p11,first_peak,HFa
0.0119260570549839,p11_T'_2_3,p11,first_peak,HFa
0.0237124653446036,p11_T'_3_4,p11,first_peak,HFa
0.0250628101426485,p11_T'_4_5,p11,first_peak,HFa
0.0182041418273667,p11_T'_5_6,p11,first_peak,HFa
0.0172378369728017,p11_T'_6_7,p11,first_peak,HFa
0.0201139064537194,p11_T'_7_8,p11,first_peak,HFa
0.0192175438567376,p11_T'_8_9,p11,first_peak,HFa
0.0155487619597212,p11_T'_9_10,p11,first_peak,HFa
0.0135505359881434,p01_A_3_4,p01,second_peak,HFa
0.0104728984045362,p01_A_4_5,p01,second_peak,HFa
0.0119591452882826,p01_A_9_10,p01,second_peak,HFa
0.0117322652165986,p01_A_10_11,p01,second_peak,HFa
0.0121840936744664,p01_B_1_2,p01,second_peak,HFa
0.0085944490000108,p01_B_2_3,p01,second_peak,HFa
0.0082245939217902,p01_B_3_4,p01,second_peak,HFa
0.00712993198749,p01_B_4_5,p01,second_peak,HFa
0.0107314835179459,p01_B_5_6,p01,second_peak,HFa
0.0085212919612087,p01_GPH_7_8,p01,second_peak,HFa
0.0102491506737576,p01_H_2_3,p01,second_peak,HFa
0.0129189774340485,p01_H_8_9,p01,second_peak,HFa
0.0114961192087482,p01_H_9_10,p01,second_peak,HFa
0.008797851994975,p01_H_10_11,p01,second_peak,HFa
0.0109556903223015,p01_H_11_12,p01,second_peak,HFa
0.0123266090806832,p01_H_12_13,p01,second_peak,HFa
0.0113783276654172,p01_H_13_14,p01,second_peak,HFa
0.0070293549988822,p01_OF_6_7,p01,second_peak,HFa
0.0084270766028449,p01_T_1_2,p01,second_peak,HFa
0.011182326074946,p01_T_2_3,p01,second_peak,HFa
0.0098234091230366,p01_T_3_4,p01,second_peak,HFa
0.0090740385297077,p01_T_4_5,p01,second_peak,HFa
0.00965144342878,p01_T_5_6,p01,second_peak,HFa
0.0108879153166841,p01_T_6_7,p01,second_peak,HFa
0.0084892134631096,p01_T_7_8,p01,second_peak,HFa
0.01175561681392,p01_TB_3_4,p01,second_peak,HFa
0.0121558873638339,p01_TB_4_5,p01,second_peak,HFa
0.0077681582730437,p01_TB_5_6,p01,second_peak,HFa
0.010030634510132,p01_TB_11_12,p01,second_peak,HFa
0.0127444402609039,p02_H_5_6,p02,second_peak,HFa
0.0153126040894509,p02_H_6_7,p02,second_peak,HFa
0.0103182631105538,p02_H_7_8,p02,second_peak,HFa
0.0133285216658501,p02_H_8_9,p02,second_peak,HFa
0.0110620015985005,p02_H_9_10,p02,second_peak,HFa
0.0131448907367902,p02_H_10_11,p02,second_peak,HFa
0.0104722859266144,p02_H_11_12,p02,second_peak,HFa
0.0091403193168652,p02_H_12_13,p02,second_peak,HFa
0.0101135748835292,p02_H_13_14,p02,second_peak,HFa
0.0095014597460293,p02_H_14_15,p02,second_peak,HFa
0.0119470683577842,p02_H'_5_6,p02,second_peak,HFa
0.028417076943847,p02_H'_6_7,p02,second_peak,HFa
0.0110441951353652,p02_H'_7_8,p02,second_peak,HFa
0.0067085988767334,p02_H'_8_9,p02,second_peak,HFa
0.0118426180157725,p02_H'_9_10,p02,second_peak,HFa
0.013200808638246,p02_H'_10_11,p02,second_peak,HFa
0.0125057143320152,p02_H'_11_12,p02,second_peak,HFa
0.0103209894147451,p02_H'_12_13,p02,second_peak,HFa
0.0090048393163823,p02_Im'_5_6,p02,second_peak,HFa
0.0112521419898829,p02_Im'_6_7,p02,second_peak,HFa
0.0095100599120153,p02_Im'_7_8,p02,second_peak,HFa
0.006648198971011,p02_Ip_1_2,p02,second_peak,HFa
0.0082646651791445,p02_Ip'_7_8,p02,second_peak,HFa
0.0091568377010767,p02_OF_12_13,p02,second_peak,HFa
0.0122012574378218,p03_A'_1_2,p03,second_peak,HFa
0.0082679744382074,p03_A'_2_3,p03,second_peak,HFa
0.0079076925319585,p03_A'_3_4,p03,second_peak,HFa
0.0103509140100141,p03_A'_11_12,p03,second_peak,HFa
0.0093341163316515,p03_A'_12_13,p03,second_peak,HFa
0.0083699990783219,p03_A'_13_14,p03,second_peak,HFa
0.0117581667773109,p03_B'_1_2,p03,second_peak,HFa
0.0090076864821026,p03_B'_2_3,p03,second_peak,HFa
0.008283601602781,p03_B'_3_4,p03,second_peak,HFa
0.0114701332884312,p03_B'_8_9,p03,second_peak,HFa
0.0101515757673709,p03_B'_11_12,p03,second_peak,HFa
0.0073862310280456,p03_B'_12_13,p03,second_peak,HFa
0.0077372755343726,p03_C'_1_2,p03,second_peak,HFa
0.0096189794878221,p03_H_6_7,p03,second_peak,HFa
0.0113716424421918,p03_H'_6_7,p03,second_peak,HFa
0.0099301016255121,p03_H'_7_8,p03,second_peak,HFa
0.0116482594056044,p03_H'_8_9,p03,second_peak,HFa
0.0103124526100189,p03_H'_9_10,p03,second_peak,HFa
0.0089550894263336,p03_H'_10_11,p03,second_peak,HFa
0.0083059842591462,p03_Ia'_3_4,p03,second_peak,HFa
0.0122430210640043,p03_Ia'_4_5,p03,second_peak,HFa
0.0094309135721942,p03_OF'_5_6,p03,second_peak,HFa
0.0090306857142732,p03_OF'_10_11,p03,second_peak,HFa
0.012265494157881,p03_OF'_11_12,p03,second_peak,HFa
0.0079631598908789,p03_OP'_4_5,p03,second_peak,HFa
0.0126121076042669,p03_OP'_6_7,p03,second_peak,HFa
0.0120736692793726,p03_T'_7_8,p03,second_peak,HFa
0.0101077338615856,p03_TB_10_11,p03,second_peak,HFa
0.0102322708929309,p03_TB'_6_7,p03,second_peak,HFa
0.0098385843114807,p03_TB'_7_8,p03,second_peak,HFa
0.0088247697034361,p03_TB'_8_9,p03,second_peak,HFa
0.0101872786630758,p03_TB'_9_10,p03,second_peak,HFa
0.0113551302253083,p03_TB'_10_11,p03,second_peak,HFa
0.0140151640964074,p03_TP'_2_3,p03,second_peak,HFa
0.0112062656091478,p03_TP'_3_4,p03,second_peak,HFa
0.0118893663861849,p03_TP'_7_8,p03,second_peak,HFa
0.010035389993278,p03_TP'_8_9,p03,second_peak,HFa
0.0090050926966074,p04_A'_7_8,p04,second_peak,HFa
0.0095741872124122,p04_A'_8_9,p04,second_peak,HFa
0.0104003074287091,p04_A'_9_10,p04,second_peak,HFa
0.0087573525483823,p04_A'_10_11,p04,second_peak,HFa
0.0097387105350255,p04_A'_11_12,p04,second_peak,HFa
0.0106258048243033,p04_B'_3_4,p04,second_peak,HFa
0.0079416250935014,p04_B'_4_5,p04,second_peak,HFa
0.0099505163273435,p04_B'_5_6,p04,second_peak,HFa
0.0123160816971214,p04_B'_8_9,p04,second_peak,HFa
0.0090345684942581,p04_B'_9_10,p04,second_peak,HFa
0.0136555406649693,p04_B'_10_11,p04,second_peak,HFa
0.0103048206610843,p04_C'_1_2,p04,second_peak,HFa
0.0119283541562912,p04_C'_4_5,p04,second_peak,HFa
0.0121188974567495,p04_C'_5_6,p04,second_peak,HFa
0.0073108335143713,p04_C'_11_12,p04,second_peak,HFa
0.0091843855143295,p04_C'_12_13,p04,second_peak,HFa
0.0099589106763534,p04_FCA'_6_7,p04,second_peak,HFa
0.0083567135480992,p04_FCA'_9_10,p04,second_peak,HFa
0.0082521200796121,p04_FCA'_10_11,p04,second_peak,HFa
0.0087587575266588,p04_FCA'_11_12,p04,second_peak,HFa
0.0088821788886943,p04_FCA'_12_13,p04,second_peak,HFa
0.0104912617941595,p04_GPH'_1_2,p04,second_peak,HFa
0.0118816853129229,p04_GPH'_2_3,p04,second_peak,HFa
0.0125284737642548,p04_GPH'_10_11,p04,second_peak,HFa
0.0102526461233901,p04_H_7_8,p04,second_peak,HFa
0.0098778662265718,p04_H_8_9,p04,second_peak,HFa
0.0118647784560387,p04_H_9_10,p04,second_peak,HFa
0.013434513014559,p04_H_10_11,p04,second_peak,HFa
0.011696615164632,p04_H_11_12,p04,second_peak,HFa
0.0093310799575779,p04_H_12_13,p04,second_peak,HFa
0.0119117680859276,p04_H_13_14,p04,second_peak,HFa
0.0112287357147609,p04_H_14_15,p04,second_peak,HFa
0.0091002760790007,p04_H'_5_6,p04,second_peak,HFa
0.0101662832438573,p04_H'_6_7,p04,second_peak,HFa
0.0122078091236073,p04_H'_7_8,p04,second_peak,HFa
0.0115425596330414,p04_H'_8_9,p04,second_peak,HFa
0.0106935095480808,p04_H'_9_10,p04,second_peak,HFa
0.0175517229849813,p04_H'_10_11,p04,second_peak,HFa
0.0118042478155829,p04_H'_11_12,p04,second_peak,HFa
0.008740699717381,p04_H'_12_13,p04,second_peak,HFa
0.009635172446732,p04_Hetb'_1_2,p04,second_peak,HFa
0.0096880345519304,p04_Hetp_14_15,p04,second_peak,HFa
0.0117020243444433,p04_OT_2_3,p04,second_peak,HFa
0.0106486164974196,p04_OT_3_4,p04,second_peak,HFa
0.0086391239471066,p04_OT'_1_2,p04,second_peak,HFa
0.012895994283143,p04_OT'_3_4,p04,second_peak,HFa
0.008857911071892,p04_OT'_4_5,p04,second_peak,HFa
0.0110761674308614,p04_PFG'_5_6,p04,second_peak,HFa
0.0102386913131948,p04_PFG'_6_7,p04,second_peak,HFa
0.00943301851177,p04_PFG'_7_8,p04,second_peak,HFa
0.011082749320086,p04_PFG'_8_9,p04,second_peak,HFa
0.0109114361841641,p04_PFG'_9_10,p04,second_peak,HFa
0.0115643250764526,p04_PFG'_10_11,p04,second_peak,HFa
0.0102588029307538,p04_PFG'_11_12,p04,second_peak,HFa
0.0095951267861366,p05_H_5_6,p05,second_peak,HFa
0.0075424259037003,p05_H_6_7,p05,second_peak,HFa
0.009923411286641,p05_H_7_8,p05,second_peak,HFa
0.011805720596302,p05_H_8_9,p05,second_peak,HFa
0.0086227140595302,p05_H_9_10,p05,second_peak,HFa
0.0149243508057577,p05_H_10_11,p05,second_peak,HFa
0.016657661028108,p05_H_11_12,p05,second_peak,HFa
0.0120943011302088,p05_H'_5_6,p05,second_peak,HFa
0.0111252122318524,p05_H'_6_7,p05,second_peak,HFa
0.0147072908681263,p05_H'_7_8,p05,second_peak,HFa
0.0082345773546939,p05_H'_8_9,p05,second_peak,HFa
0.0125883361469749,p05_H'_9_10,p05,second_peak,HFa
0.0160138386403233,p05_H'_10_11,p05,second_peak,HFa
0.0088539880788618,p05_H'_11_12,p05,second_peak,HFa
0.0126614865332255,p05_H'_12_13,p05,second_peak,HFa
0.0107862132055864,p05_OF'_7_8,p05,second_peak,HFa
0.0074864313396388,p05_T'_2_3,p05,second_peak,HFa
0.0097910527615492,p05_TB'_1_2,p05,second_peak,HFa
0.0083826357206995,p06_A'_1_2,p06,second_peak,HFa
0.0102159628429886,p06_A'_3_4,p06,second_peak,HFa
0.0104751583103694,p06_B'_1_2,p06,second_peak,HFa
0.0111003053866555,p06_B'_4_5,p06,second_peak,HFa
0.0102366165555271,p06_B'_5_6,p06,second_peak,HFa
0.0115618470357648,p06_B'_6_7,p06,second_peak,HFa
0.0100793549671385,p06_C'_5_6,p06,second_peak,HFa
0.0104908111946762,p06_C'_6_7,p06,second_peak,HFa
0.0104443366783688,p06_FCA'_4_5,p06,second_peak,HFa
0.0135552409695103,p06_FCA'_5_6,p06,second_peak,HFa
0.0073614260960831,p06_FCA'_6_7,p06,second_peak,HFa
0.0097176801182418,p06_GC_1_2,p06,second_peak,HFa
0.0093885762881917,p06_GC'_6_7,p06,second_peak,HFa
0.0116333246212727,p06_GC'_7_8,p06,second_peak,HFa
0.0080815440602225,p06_GC'_8_9,p06,second_peak,HFa
0.0127790007132038,p06_GC'_9_10,p06,second_peak,HFa
0.0082607783500585,p06_H'_5_6,p06,second_peak,HFa
0.0093925014521796,p06_H'_6_7,p06,second_peak,HFa
0.0092561550942657,p06_H'_7_8,p06,second_peak,HFa
0.0133690882350273,p06_H'_8_9,p06,second_peak,HFa
0.0108224237132547,p06_H'_9_10,p06,second_peak,HFa
0.0090028130568446,p06_H'_10_11,p06,second_peak,HFa
0.0100293946435889,p06_H'_11_12,p06,second_peak,HFa
0.0101051370884585,p06_H'_12_13,p06,second_peak,HFa
0.0115530116305805,p06_LesB_1_2,p06,second_peak,HFa
0.0111436438696624,p06_LesB_2_3,p06,second_peak,HFa
0.0118969838617847,p06_LesB_3_4,p06,second_peak,HFa
0.0092771276237015,p06_LesB_4_5,p06,second_peak,HFa
0.0087962066799254,p06_OL'_1_2,p06,second_peak,HFa
0.0124301950247923,p06_OL'_7_8,p06,second_peak,HFa
0.0112037785318435,p06_OL'_9_10,p06,second_peak,HFa
0.0095856391369897,p06_OT'_5_6,p06,second_peak,HFa
0.0097271645614412,p06_OT'_11_12,p06,second_peak,HFa
0.0089196592082741,p06_OT'_12_13,p06,second_peak,HFa
0.0103338120185696,p06_TB'_4_5,p06,second_peak,HFa
0.0094799747028084,p06_TB'_9_10,p06,second_peak,HFa
0.0068958901432365,p06_TP'_1_2,p06,second_peak,HFa
0.0105636334717757,p06_TP'_2_3,p06,second_peak,HFa
0.0070216689378938,p06_TP'_3_4,p06,second_peak,HFa
0.0130702842951339,p07_H_5_6,p07,second_peak,HFa
0.0138442646167599,p07_H_6_7,p07,second_peak,HFa
0.0136348738345417,p07_H_7_8,p07,second_peak,HFa
0.0075834396278084,p07_H_8_9,p07,second_peak,HFa
0.0120179487207778,p07_H_9_10,p07,second_peak,HFa
0.0086245734328355,p07_H_10_11,p07,second_peak,HFa
0.0091271830982761,p07_H_11_12,p07,second_peak,HFa
0.0092379185796176,p07_H_12_13,p07,second_peak,HFa
0.0103873596501994,p07_H_13_14,p07,second_peak,HFa
0.0114729507230367,p07_Im_4_5,p07,second_peak,HFa
0.0143316577755197,p07_Im_5_6,p07,second_peak,HFa
0.0133410032776233,p07_Im'_2_3,p07,second_peak,HFa
0.0110592859909129,p07_Im'_3_4,p07,second_peak,HFa
0.0140977567197242,p07_Im'_14_15,p07,second_peak,HFa
0.0095034264051156,p07_OC_5_6,p07,second_peak,HFa
0.0081322744636393,p07_OC_6_7,p07,second_peak,HFa
0.0155706446921184,p07_OP_1_2,p07,second_peak,HFa
0.0143216171672483,p07_OP_2_3,p07,second_peak,HFa
0.0153060241052575,p07_OP_3_4,p07,second_peak,HFa
0.0099388154609006,p07_OP_4_5,p07,second_peak,HFa
0.0092677003253897,p07_PA_2_3,p07,second_peak,HFa
0.0082081054686411,p07_PA_3_4,p07,second_peak,HFa
0.0127558233854118,p08_A_1_2,p08,second_peak,HFa
0.012197653272857,p08_A_2_3,p08,second_peak,HFa
0.009586462423467,p08_A_3_4,p08,second_peak,HFa
0.0080690969846976,p08_A_4_5,p08,second_peak,HFa
0.0085336178817993,p08_A_5_6,p08,second_peak,HFa
0.012616639677804,p08_A_9_10,p08,second_peak,HFa
0.0099909771192402,p08_A_12_13,p08,second_peak,HFa
0.0099811961243103,p08_C_8_9,p08,second_peak,HFa
0.0089346662160226,p08_C_9_10,p08,second_peak,HFa
0.0120238424406395,p08_C_10_11,p08,second_peak,HFa
0.0104072370571842,p08_C_11_12,p08,second_peak,HFa
0.0091671908073185,p08_H_5_6,p08,second_peak,HFa
0.0099593635460977,p08_H_6_7,p08,second_peak,HFa
0.0164018334222631,p08_H_7_8,p08,second_peak,HFa
0.0077175764623483,p08_H_8_9,p08,second_peak,HFa
0.0147798222719742,p08_H_9_10,p08,second_peak,HFa
0.0171814848471611,p08_H_10_11,p08,second_peak,HFa
0.01095052258683,p08_H_11_12,p08,second_peak,HFa
0.0115681998286537,p08_H_12_13,p08,second_peak,HFa
0.013839559900014,p08_H_13_14,p08,second_peak,HFa
0.0075709279178471,p08_H'_6_7,p08,second_peak,HFa
0.0094385997355357,p08_H'_7_8,p08,second_peak,HFa
0.0106735532785242,p08_H'_8_9,p08,second_peak,HFa
0.0128662948265772,p08_H'_9_10,p08,second_peak,HFa
0.010546022741301,p08_H'_10_11,p08,second_peak,HFa
0.0154884720836041,p08_H'_11_12,p08,second_peak,HFa
0.0114550864847204,p08_H'_12_13,p08,second_peak,HFa
0.015001920145672,p08_H'_13_14,p08,second_peak,HFa
0.0112357262241856,p08_Ia_1_2,p08,second_peak,HFa
0.0115670199486238,p08_Ia_2_3,p08,second_peak,HFa
0.0099025047281241,p08_Im_8_9,p08,second_peak,HFa
0.008382390353405,p08_Im_9_10,p08,second_peak,HFa
0.0091734715020388,p08_T_1_2,p08,second_peak,HFa
0.0087494427566672,p08_T_2_3,p08,second_peak,HFa
0.008615415316314,p08_T_3_4,p08,second_peak,HFa
0.0095707589466437,p08_T_4_5,p08,second_peak,HFa
0.0123178893730682,p08_T_5_6,p08,second_peak,HFa
0.0150294939960423,p08_T_6_7,p08,second_peak,HFa
0.0101397356260931,p08_T_7_8,p08,second_peak,HFa
0.0084701202999655,p08_TB_1_2,p08,second_peak,HFa
0.0107113776431115,p08_TB_2_3,p08,second_peak,HFa
0.0106492552776718,p08_TP_1_2,p08,second_peak,HFa
0.0084077076055802,p08_TP_2_3,p08,second_peak,HFa
0.0067951369302291,p08_TP_3_4,p08,second_peak,HFa
0.0072684595491741,p08_TP_4_5,p08,second_peak,HFa
0.0110621218152517,p08_TP_5_6,p08,second_peak,HFa
0.0091111919589061,p08_TP_6_7,p08,second_peak,HFa
0.0099253810571495,p08_TP_7_8,p08,second_peak,HFa
0.0125650711952261,p08_TP_8_9,p08,second_peak,HFa
0.015023298987227,p08_TP_9_10,p08,second_peak,HFa
0.0135862949578526,p08_TP_10_11,p08,second_peak,HFa
0.0091336811307263,p09_A'_1_2,p09,second_peak,HFa
0.0108922851999736,p09_A'_2_3,p09,second_peak,HFa
0.0080925523436094,p09_A'_3_4,p09,second_peak,HFa
0.0118625056248181,p09_C_8_9,p09,second_peak,HFa
0.013319748138938,p09_C_9_10,p09,second_peak,HFa
0.0099571369641907,p09_C_10_11,p09,second_peak,HFa
0.0134501349852098,p09_FCA_12_13,p09,second_peak,HFa
0.0119402546794521,p09_H_5_6,p09,second_peak,HFa
0.0145784763439935,p09_H_6_7,p09,second_peak,HFa
0.0084953225652553,p09_H_7_8,p09,second_peak,HFa
0.0108863189125979,p09_H_8_9,p09,second_peak,HFa
0.0104779184409235,p09_H_9_10,p09,second_peak,HFa
0.0078429793132403,p09_H_10_11,p09,second_peak,HFa
0.0082794281515542,p09_H_11_12,p09,second_peak,HFa
0.0115087595220763,p09_H_12_13,p09,second_peak,HFa
0.0111581527434761,p09_H_13_14,p09,second_peak,HFa
0.0095125040091195,p09_H'_5_6,p09,second_peak,HFa
0.0100628385605191,p09_H'_8_9,p09,second_peak,HFa
0.0092156431604249,p09_H'_9_10,p09,second_peak,HFa
0.0078583487523164,p09_H'_10_11,p09,second_peak,HFa
0.0088101861322072,p09_H'_11_12,p09,second_peak,HFa
0.0128463125238017,p09_H'_12_13,p09,second_peak,HFa
0.0109958337641213,p09_H'_13_14,p09,second_peak,HFa
0.0110888175856079,p09_H'_14_15,p09,second_peak,HFa
0.008069779188978,p09_HA'_1_2,p09,second_peak,HFa
0.0100385999550277,p09_HA'_4_5,p09,second_peak,HFa
0.0102264152635492,p10_GC_7_8,p10,second_peak,HFa
0.010925180681233,p10_H_7_8,p10,second_peak,HFa
0.0130570812653617,p10_H_8_9,p10,second_peak,HFa
0.0174162186803402,p10_H_9_10,p10,second_peak,HFa
0.0143965376990959,p10_H_10_11,p10,second_peak,HFa
0.0124973023313924,p10_H_11_12,p10,second_peak,HFa
0.0121709493684671,p10_H_12_13,p10,second_peak,HFa
0.008283956317726,p10_H_13_14,p10,second_peak,HFa
0.0092588319621767,p10_H_14_15,p10,second_peak,HFa
0.011495605964386,p10_Ia_4_5,p10,second_peak,HFa
0.0090708036156443,p10_Ia_5_6,p10,second_peak,HFa
0.0092902320634265,p10_Ia_6_7,p10,second_peak,HFa
0.0148681168270962,p10_Ip_6_7,p10,second_peak,HFa
0.0090041451209468,p10_Ip_7_8,p10,second_peak,HFa
0.0087793035796967,p10_Ip_8_9,p10,second_peak,HFa
0.0080805788591681,p11_CP'_5_6,p11,second_peak,HFa
0.0095084871977616,p11_H'_2_3,p11,second_peak,HFa
0.0094339656607967,p11_H'_6_7,p11,second_peak,HFa
0.0093722750824313,p11_H'_7_8,p11,second_peak,HFa
0.009307327241803,p11_H'_8_9,p11,second_peak,HFa
0.0128203162592241,p11_H'_9_10,p11,second_peak,HFa
0.0086610625262221,p11_Id'_2_3,p11,second_peak,HFa
0.0099527418703147,p11_Id'_3_4,p11,second_peak,HFa
0.01004919876838,p11_Id'_4_5,p11,second_peak,HFa
0.0120538273063974,p11_Id'_5_6,p11,second_peak,HFa
0.0118512784502316,p11_Id'_6_7,p11,second_peak,HFa
0.0086490089482991,p11_Id'_8_9,p11,second_peak,HFa
0.0141991710920398,p11_Ie'_6_7,p11,second_peak,HFa
0.0112782191863509,p11_Ie'_7_8,p11,second_peak,HFa
0.0083761364130185,p11_Ie'_8_9,p11,second_peak,HFa
0.0125913380185664,p11_Ie'_10_11,p11,second_peak,HFa
0.0097602875527682,p11_Ie'_11_12,p11,second_peak,HFa
0.0117381029108874,p11_OF'_3_4,p11,second_peak,HFa
0.0118794332582677,p11_OF'_4_5,p11,second_peak,HFa
0.0139260693595364,p11_OF'_9_10,p11,second_peak,HFa
0.0092419419617384,p11_OP'_1_2,p11,second_peak,HFa
0.0123991428213326,p11_OP'_2_3,p11,second_peak,HFa
0.012202790974456,p11_OP'_3_4,p11,second_peak,HFa
0.0098437511707947,p11_OP'_4_5,p11,second_peak,HFa
0.0125952775516675,p11_T'_2_3,p11,second_peak,HFa
0.0111509286036504,p11_T'_3_4,p11,second_peak,HFa
0.0090603291949075,p11_T'_4_5,p11,second_peak,HFa
0.0098296505579819,p11_T'_5_6,p11,second_peak,HFa
0.010509772730034,p11_T'_6_7,p11,second_peak,HFa
0.0126112848100876,p11_T'_7_8,p11,second_peak,HFa
0.0092301118029961,p11_T'_8_9,p11,second_peak,HFa
0.0121388733169896,p11_T'_9_10,p11,second_peak,HFa
0.0206507816560168,p01_A_3_4,p01,first_peak,broadband
0.017942631497836,p01_A_4_5,p01,first_peak,broadband
0.0177433991962585,p01_A_9_10,p01,first_peak,broadband
0.0145596945482288,p01_A_10_11,p01,first_peak,broadband
0.0145545776788266,p01_B_1_2,p01,first_peak,broadband
0.0159685018068783,p01_B_2_3,p01,first_peak,broadband
0.0167966739040449,p01_B_3_4,p01,first_peak,broadband
0.0150967366295907,p01_B_4_5,p01,first_peak,broadband
0.0127317140726268,p01_B_5_6,p01,first_peak,broadband
0.0165916149317951,p01_GPH_7_8,p01,first_peak,broadband
0.0392939737499271,p01_H_2_3,p01,first_peak,broadband
0.0285330004521487,p01_H_8_9,p01,first_peak,broadband
0.0234409288887313,p01_H_9_10,p01,first_peak,broadband
0.0234849026415139,p01_H_10_11,p01,first_peak,broadband
0.0220341445530139,p01_H_11_12,p01,first_peak,broadband
0.0309773228550626,p01_H_12_13,p01,first_peak,broadband
0.0142734913251819,p01_H_13_14,p01,first_peak,broadband
0.0263070036478896,p01_OF_6_7,p01,first_peak,broadband
0.0153633260702527,p01_T_1_2,p01,first_peak,broadband
0.0162745206661739,p01_T_2_3,p01,first_peak,broadband
0.0119711497930035,p01_T_3_4,p01,first_peak,broadband
0.0214993289367066,p01_T_4_5,p01,first_peak,broadband
0.0111721666160232,p01_T_5_6,p01,first_peak,broadband
0.0120552497555997,p01_T_6_7,p01,first_peak,broadband
0.0145763004682466,p01_T_7_8,p01,first_peak,broadband
0.0168200813070283,p01_TB_3_4,p01,first_peak,broadband
0.0144489106276188,p01_TB_4_5,p01,first_peak,broadband
0.016931436399457,p01_TB_5_6,p01,first_peak,broadband
0.0133665896792285,p01_TB_11_12,p01,first_peak,broadband
0.0323037229220997,p02_H_5_6,p02,first_peak,broadband
0.0419740975651026,p02_H_6_7,p02,first_peak,broadband
0.0397043656376849,p02_H_7_8,p02,first_peak,broadband
0.0511867934045113,p02_H_8_9,p02,first_peak,broadband
0.0583524745795593,p02_H_9_10,p02,first_peak,broadband
0.0614645773413718,p02_H_10_11,p02,first_peak,broadband
0.0384279315944396,p02_H_11_12,p02,first_peak,broadband
0.0294973636341075,p02_H_12_13,p02,first_peak,broadband
0.0139111089239094,p02_H_13_14,p02,first_peak,broadband
0.015584436558527,p02_H_14_15,p02,first_peak,broadband
0.0373509651707762,p02_H'_5_6,p02,first_peak,broadband
0.0643308653100061,p02_H'_6_7,p02,first_peak,broadband
0.0450260222764929,p02_H'_7_8,p02,first_peak,broadband
0.0367053510120464,p02_H'_8_9,p02,first_peak,broadband
0.0523536656748077,p02_H'_9_10,p02,first_peak,broadband
0.0433942763805803,p02_H'_10_11,p02,first_peak,broadband
0.0247533382643167,p02_H'_11_12,p02,first_peak,broadband
0.0407777646944092,p02_H'_12_13,p02,first_peak,broadband
0.0157595361900716,p02_Im'_5_6,p02,first_peak,broadband
0.0160258159862387,p02_Im'_6_7,p02,first_peak,broadband
0.0160824157217801,p02_Im'_7_8,p02,first_peak,broadband
0.0161030073859798,p02_Ip_1_2,p02,first_peak,broadband
0.0175870622850255,p02_Ip'_7_8,p02,first_peak,broadband
0.0186891432286381,p02_OF_12_13,p02,first_peak,broadband
0.0181705068081912,p03_A'_1_2,p03,first_peak,broadband
0.0132371690289372,p03_A'_2_3,p03,first_peak,broadband
0.016069883894643,p03_A'_3_4,p03,first_peak,broadband
0.0193026948796729,p03_A'_11_12,p03,first_peak,broadband
0.0183511556038493,p03_A'_12_13,p03,first_peak,broadband
0.0168630161116973,p03_A'_13_14,p03,first_peak,broadband
0.0141275082946885,p03_B'_1_2,p03,first_peak,broadband
0.0156291673518969,p03_B'_2_3,p03,first_peak,broadband
0.0137852857192696,p03_B'_3_4,p03,first_peak,broadband
0.0161165085235182,p03_B'_8_9,p03,first_peak,broadband
0.0169037239173185,p03_B'_11_12,p03,first_peak,broadband
0.019663181806682,p03_B'_12_13,p03,first_peak,broadband
0.0160284754382373,p03_C'_1_2,p03,first_peak,broadband
0.05485513007436,p03_H_6_7,p03,first_peak,broadband
0.03538148255697,p03_H'_6_7,p03,first_peak,broadband
0.0281725129719291,p03_H'_7_8,p03,first_peak,broadband
0.0173418585221127,p03_H'_8_9,p03,first_peak,broadband
0.0164771720111396,p03_H'_9_10,p03,first_peak,broadband
0.0124716753714001,p03_H'_10_11,p03,first_peak,broadband
0.0172087195633145,p03_Ia'_3_4,p03,first_peak,broadband
0.0174726143627152,p03_Ia'_4_5,p03,first_peak,broadband
0.0167552294147724,p03_OF'_5_6,p03,first_peak,broadband
0.0130218072946991,p03_OF'_10_11,p03,first_peak,broadband
0.0214458637123745,p03_OF'_11_12,p03,first_peak,broadband
0.0162843078295558,p03_OP'_4_5,p03,first_peak,broadband
0.0298654107964384,p03_OP'_6_7,p03,first_peak,broadband
0.027436240974597,p03_T'_7_8,p03,first_peak,broadband
0.0168077222352865,p03_TB_10_11,p03,first_peak,broadband
0.0148192863386403,p03_TB'_6_7,p03,first_peak,broadband
0.0180742744419344,p03_TB'_7_8,p03,first_peak,broadband
0.0129693165158669,p03_TB'_8_9,p03,first_peak,broadband
0.0210716079498111,p03_TB'_9_10,p03,first_peak,broadband
0.0190505328729822,p03_TB'_10_11,p03,first_peak,broadband
0.0180789865120231,p03_TP'_2_3,p03,first_peak,broadband
0.0139720607873425,p03_TP'_3_4,p03,first_peak,broadband
0.0216120882608848,p03_TP'_7_8,p03,first_peak,broadband
0.0155740878818679,p03_TP'_8_9,p03,first_peak,broadband
0.0148950006700495,p04_A'_7_8,p04,first_peak,broadband
0.0187984071443991,p04_A'_8_9,p04,first_peak,broadband
0.0156600005271337,p04_A'_9_10,p04,first_peak,broadband
0.0141145452816875,p04_A'_10_11,p04,first_peak,broadband
0.0137122960874093,p04_A'_11_12,p04,first_peak,broadband
0.0162198542218568,p04_B'_3_4,p04,first_peak,broadband
0.0153211716875894,p04_B'_4_5,p04,first_peak,broadband
0.0190954768598631,p04_B'_5_6,p04,first_peak,broadband
0.0154130983887408,p04_B'_8_9,p04,first_peak,broadband
0.017175020737595,p04_B'_9_10,p04,first_peak,broadband
0.0145007833384699,p04_B'_10_11,p04,first_peak,broadband
0.0171063073302299,p04_C'_1_2,p04,first_peak,broadband
0.0139023949860852,p04_C'_4_5,p04,first_peak,broadband
0.0151075580158219,p04_C'_5_6,p04,first_peak,broadband
0.0154370841222422,p04_C'_11_12,p04,first_peak,broadband
0.0164178636926207,p04_C'_12_13,p04,first_peak,broadband
0.0170570023777186,p04_FCA'_6_7,p04,first_peak,broadband
0.0176544348408995,p04_FCA'_9_10,p04,first_peak,broadband
0.0232386131894599,p04_FCA'_10_11,p04,first_peak,broadband
0.0197809964023703,p04_FCA'_11_12,p04,first_peak,broadband
0.0192562016470188,p04_FCA'_12_13,p04,first_peak,broadband
0.0170025645352475,p04_GPH'_1_2,p04,first_peak,broadband
0.0157584908324605,p04_GPH'_2_3,p04,first_peak,broadband
0.0150008857884894,p04_GPH'_10_11,p04,first_peak,broadband
0.0221324908792733,p04_H_7_8,p04,first_peak,broadband
0.0439311030813367,p04_H_8_9,p04,first_peak,broadband
0.0466416362959227,p04_H_9_10,p04,first_peak,broadband
0.0325432994738917,p04_H_10_11,p04,first_peak,broadband
0.020172132124306,p04_H_11_12,p04,first_peak,broadband
0.0347223812431276,p04_H_12_13,p04,first_peak,broadband
0.017200417193376,p04_H_13_14,p04,first_peak,broadband
0.018498543621325,p04_H_14_15,p04,first_peak,broadband
0.0368516169146134,p04_H'_5_6,p04,first_peak,broadband
0.0457636101947777,p04_H'_6_7,p04,first_peak,broadband
0.0294296912969122,p04_H'_7_8,p04,first_peak,broadband
0.0273835062301167,p04_H'_8_9,p04,first_peak,broadband
0.0258527272409424,p04_H'_9_10,p04,first_peak,broadband
0.0214448654879081,p04_H'_10_11,p04,first_peak,broadband
0.0283268122924751,p04_H'_11_12,p04,first_peak,broadband
0.0175127828497741,p04_H'_12_13,p04,first_peak,broadband
0.017481170512544,p04_Hetb'_1_2,p04,first_peak,broadband
0.0190335697325011,p04_Hetp_14_15,p04,first_peak,broadband
0.0161914988292939,p04_OT_2_3,p04,first_peak,broadband
0.0178212905205594,p04_OT_3_4,p04,first_peak,broadband
0.0126489429093782,p04_OT'_1_2,p04,first_peak,broadband
0.0181100985705497,p04_OT'_3_4,p04,first_peak,broadband
0.0145793973348243,p04_OT'_4_5,p04,first_peak,broadband
0.0192749721028097,p04_PFG'_5_6,p04,first_peak,broadband
0.0176027125315316,p04_PFG'_6_7,p04,first_peak,broadband
0.0202730807255253,p04_PFG'_7_8,p04,first_peak,broadband
0.0212649295941707,p04_PFG'_8_9,p04,first_peak,broadband
0.0194205352420676,p04_PFG'_9_10,p04,first_peak,broadband
0.0320642756282443,p04_PFG'_10_11,p04,first_peak,broadband
0.0249240166709905,p04_PFG'_11_12,p04,first_peak,broadband
0.015388522339575,p05_H_5_6,p05,first_peak,broadband
0.0151721523545388,p05_H_6_7,p05,first_peak,broadband
0.0145371522733413,p05_H_7_8,p05,first_peak,broadband
0.0362225072357067,p05_H_8_9,p05,first_peak,broadband
0.0260023174077295,p05_H_9_10,p05,first_peak,broadband
0.0328788146353477,p05_H_10_11,p05,first_peak,broadband
0.0292223265668597,p05_H_11_12,p05,first_peak,broadband
0.0161613189104853,p05_H'_5_6,p05,first_peak,broadband
0.0400184288571149,p05_H'_6_7,p05,first_peak,broadband
0.0241236338346824,p05_H'_7_8,p05,first_peak,broadband
0.0324729216999579,p05_H'_8_9,p05,first_peak,broadband
0.0365009320883033,p05_H'_9_10,p05,first_peak,broadband
0.0466868809531222,p05_H'_10_11,p05,first_peak,broadband
0.0267495525427203,p05_H'_11_12,p05,first_peak,broadband
0.0497552075945952,p05_H'_12_13,p05,first_peak,broadband
0.0163462828441004,p05_OF'_7_8,p05,first_peak,broadband
0.0317705474961948,p05_T'_2_3,p05,first_peak,broadband
0.0169539032620962,p05_TB'_1_2,p05,first_peak,broadband
0.0165858581120757,p06_A'_1_2,p06,first_peak,broadband
0.0164532853684775,p06_A'_3_4,p06,first_peak,broadband
0.0172456822969879,p06_B'_1_2,p06,first_peak,broadband
0.0128712959724424,p06_B'_4_5,p06,first_peak,broadband
0.0151040391900431,p06_B'_5_6,p06,first_peak,broadband
0.0149019224014404,p06_B'_6_7,p06,first_peak,broadband
0.0143071717099571,p06_C'_5_6,p06,first_peak,broadband
0.0122819224189805,p06_C'_6_7,p06,first_peak,broadband
0.0130256053584269,p06_FCA'_4_5,p06,first_peak,broadband
0.0164629370911074,p06_FCA'_5_6,p06,first_peak,broadband
0.0171399998277935,p06_FCA'_6_7,p06,first_peak,broadband
0.0183283027654634,p06_GC_1_2,p06,first_peak,broadband
0.0162785238769665,p06_GC'_6_7,p06,first_peak,broadband
0.016631613354785,p06_GC'_7_8,p06,first_peak,broadband
0.0161148809797874,p06_GC'_8_9,p06,first_peak,broadband
0.0158620815254604,p06_GC'_9_10,p06,first_peak,broadband
0.0361196050692353,p06_H'_5_6,p06,first_peak,broadband
0.0543296238927324,p06_H'_6_7,p06,first_peak,broadband
0.0316813924580935,p06_H'_7_8,p06,first_peak,broadband
0.0356110037214758,p06_H'_8_9,p06,first_peak,broadband
0.0229967384334451,p06_H'_9_10,p06,first_peak,broadband
0.0191572129766753,p06_H'_10_11,p06,first_peak,broadband
0.0167195800190568,p06_H'_11_12,p06,first_peak,broadband
0.014292916166454,p06_H'_12_13,p06,first_peak,broadband
0.017649743111222,p06_LesB_1_2,p06,first_peak,broadband
0.0154532248872538,p06_LesB_2_3,p06,first_peak,broadband
0.012507178067178,p06_LesB_3_4,p06,first_peak,broadband
0.0147122683675846,p06_LesB_4_5,p06,first_peak,broadband
0.0149465533596057,p06_OL'_1_2,p06,first_peak,broadband
0.0157346888742475,p06_OL'_7_8,p06,first_peak,broadband
0.01717798972881,p06_OL'_9_10,p06,first_peak,broadband
0.0136154138954544,p06_OT'_5_6,p06,first_peak,broadband
0.0165244139179542,p06_OT'_11_12,p06,first_peak,broadband
0.0165587779903841,p06_OT'_12_13,p06,first_peak,broadband
0.0130306260577133,p06_TB'_4_5,p06,first_peak,broadband
0.0153831568352452,p06_TB'_9_10,p06,first_peak,broadband
0.0184133247808587,p06_TP'_1_2,p06,first_peak,broadband
0.012587679030906,p06_TP'_2_3,p06,first_peak,broadband
0.0177554576867498,p06_TP'_3_4,p06,first_peak,broadband
0.0240970676754204,p07_H_5_6,p07,first_peak,broadband
0.0223703454325962,p07_H_6_7,p07,first_peak,broadband
0.02157825819432,p07_H_7_8,p07,first_peak,broadband
0.0194028197302402,p07_H_8_9,p07,first_peak,broadband
0.0345308370996882,p07_H_9_10,p07,first_peak,broadband
0.0190209595337037,p07_H_10_11,p07,first_peak,broadband
0.020255326880072,p07_H_11_12,p07,first_peak,broadband
0.023009074611779,p07_H_12_13,p07,first_peak,broadband
0.0214138755160664,p07_H_13_14,p07,first_peak,broadband
0.0166619632759102,p07_Im_4_5,p07,first_peak,broadband
0.0153889142107031,p07_Im_5_6,p07,first_peak,broadband
0.0142740762229182,p07_Im'_2_3,p07,first_peak,broadband
0.0145742994280752,p07_Im'_3_4,p07,first_peak,broadband
0.0154671148391514,p07_Im'_14_15,p07,first_peak,broadband
0.0162463227809054,p07_OC_5_6,p07,first_peak,broadband
0.0154352225160445,p07_OC_6_7,p07,first_peak,broadband
0.0226712660875491,p07_OP_1_2,p07,first_peak,broadband
0.0200740551611792,p07_OP_2_3,p07,first_peak,broadband
0.0160987204580619,p07_OP_3_4,p07,first_peak,broadband
0.0182186561726235,p07_OP_4_5,p07,first_peak,broadband
0.0180770386968747,p07_PA_2_3,p07,first_peak,broadband
0.0170273671696445,p07_PA_3_4,p07,first_peak,broadband
0.0168316037908447,p08_A_1_2,p08,first_peak,broadband
0.0172887194539392,p08_A_2_3,p08,first_peak,broadband
0.015272847966792,p08_A_3_4,p08,first_peak,broadband
0.0149213020645524,p08_A_4_5,p08,first_peak,broadband
0.0168324667576482,p08_A_5_6,p08,first_peak,broadband
0.016424929936292,p08_A_9_10,p08,first_peak,broadband
0.0138151391563741,p08_A_12_13,p08,first_peak,broadband
0.0157092211848021,p08_C_8_9,p08,first_peak,broadband
0.013935714962789,p08_C_9_10,p08,first_peak,broadband
0.0103136401588144,p08_C_10_11,p08,first_peak,broadband
0.0133866809462414,p08_C_11_12,p08,first_peak,broadband
0.0455129647358472,p08_H_5_6,p08,first_peak,broadband
0.0451741014713698,p08_H_6_7,p08,first_peak,broadband
0.0607045932555049,p08_H_7_8,p08,first_peak,broadband
0.0454606508900544,p08_H_8_9,p08,first_peak,broadband
0.0496502121663177,p08_H_9_10,p08,first_peak,broadband
0.0447746812587723,p08_H_10_11,p08,first_peak,broadband
0.0272975383486938,p08_H_11_12,p08,first_peak,broadband
0.0349414888831916,p08_H_12_13,p08,first_peak,broadband
0.0253788677132711,p08_H_13_14,p08,first_peak,broadband
0.023153972014664,p08_H'_6_7,p08,first_peak,broadband
0.0375880748271288,p08_H'_7_8,p08,first_peak,broadband
0.0474321376128096,p08_H'_8_9,p08,first_peak,broadband
0.0259651136446967,p08_H'_9_10,p08,first_peak,broadband
0.0545136277571826,p08_H'_10_11,p08,first_peak,broadband
0.0271927987199574,p08_H'_11_12,p08,first_peak,broadband
0.0287061285969092,p08_H'_12_13,p08,first_peak,broadband
0.031463474081841,p08_H'_13_14,p08,first_peak,broadband
0.0149705296225548,p08_Ia_1_2,p08,first_peak,broadband
0.0148000332740673,p08_Ia_2_3,p08,first_peak,broadband
0.0194331511210428,p08_Im_8_9,p08,first_peak,broadband
0.0228509337057647,p08_Im_9_10,p08,first_peak,broadband
0.0171151641407251,p08_T_1_2,p08,first_peak,broadband
0.0129408336459188,p08_T_2_3,p08,first_peak,broadband
0.0142943188976048,p08_T_3_4,p08,first_peak,broadband
0.0158352829966453,p08_T_4_5,p08,first_peak,broadband
0.0169420020308322,p08_T_5_6,p08,first_peak,broadband
0.0118475783667768,p08_T_6_7,p08,first_peak,broadband
0.0148871223041107,p08_T_7_8,p08,first_peak,broadband
0.0194672656779242,p08_TB_1_2,p08,first_peak,broadband
0.0177076063541555,p08_TB_2_3,p08,first_peak,broadband
0.0156321211703909,p08_TP_1_2,p08,first_peak,broadband
0.0156383117782538,p08_TP_2_3,p08,first_peak,broadband
0.0132479615310545,p08_TP_3_4,p08,first_peak,broadband
0.0184955328411088,p08_TP_4_5,p08,first_peak,broadband
0.0159752876518326,p08_TP_5_6,p08,first_peak,broadband
0.0319830557641344,p08_TP_6_7,p08,first_peak,broadband
0.0264192443184037,p08_TP_7_8,p08,first_peak,broadband
0.0237956570063109,p08_TP_8_9,p08,first_peak,broadband
0.0262438242208464,p08_TP_9_10,p08,first_peak,broadband
0.0214099968987951,p08_TP_10_11,p08,first_peak,broadband
0.0153516767398645,p09_A'_1_2,p09,first_peak,broadband
0.0161586636784164,p09_A'_2_3,p09,first_peak,broadband
0.0187451995422778,p09_A'_3_4,p09,first_peak,broadband
0.0170850073939523,p09_C_8_9,p09,first_peak,broadband
0.016338747051668,p09_C_9_10,p09,first_peak,broadband
0.0159559068195886,p09_C_10_11,p09,first_peak,broadband
0.0181012511207858,p09_FCA_12_13,p09,first_peak,broadband
0.0539892803375265,p09_H_5_6,p09,first_peak,broadband
0.0360866049059139,p09_H_6_7,p09,first_peak,broadband
0.0239646139997706,p09_H_7_8,p09,first_peak,broadband
0.0360213961513979,p09_H_8_9,p09,first_peak,broadband
0.053957227733134,p09_H_9_10,p09,first_peak,broadband
0.0374973166577591,p09_H_10_11,p09,first_peak,broadband
0.0321830143920025,p09_H_11_12,p09,first_peak,broadband
0.0210486574289914,p09_H_12_13,p09,first_peak,broadband
0.0231398401206094,p09_H_13_14,p09,first_peak,broadband
0.0191585147056139,p09_H'_5_6,p09,first_peak,broadband
0.0178497452659289,p09_H'_8_9,p09,first_peak,broadband
0.0154765001956598,p09_H'_9_10,p09,first_peak,broadband
0.017866079057052,p09_H'_10_11,p09,first_peak,broadband
0.0176814023228932,p09_H'_11_12,p09,first_peak,broadband
0.0170459998285888,p09_H'_12_13,p09,first_peak,broadband
0.0175670126308285,p09_H'_13_14,p09,first_peak,broadband
0.018769952326333,p09_H'_14_15,p09,first_peak,broadband
0.0187471825832036,p09_HA'_1_2,p09,first_peak,broadband
0.018027140278696,p09_HA'_4_5,p09,first_peak,broadband
0.0135105165358214,p10_GC_7_8,p10,first_peak,broadband
0.0340487978113813,p10_H_7_8,p10,first_peak,broadband
0.0189219379597126,p10_H_8_9,p10,first_peak,broadband
0.028824072171944,p10_H_9_10,p10,first_peak,broadband
0.0178803432927789,p10_H_10_11,p10,first_peak,broadband
0.0155175088439878,p10_H_11_12,p10,first_peak,broadband
0.0463880362419099,p10_H_12_13,p10,first_peak,broadband
0.0349805158146349,p10_H_13_14,p10,first_peak,broadband
0.022832965076367,p10_H_14_15,p10,first_peak,broadband
0.0171355484852565,p10_Ia_4_5,p10,first_peak,broadband
0.0214658395719766,p10_Ia_5_6,p10,first_peak,broadband
0.0191904234118164,p10_Ia_6_7,p10,first_peak,broadband
0.0162993945503523,p10_Ip_6_7,p10,first_peak,broadband
0.017959445582173,p10_Ip_7_8,p10,first_peak,broadband
0.0291974706504166,p10_Ip_8_9,p10,first_peak,broadband
0.0197959962397626,p11_CP'_5_6,p11,first_peak,broadband
0.0173915371278867,p11_H'_2_3,p11,first_peak,broadband
0.0399259168153769,p11_H'_6_7,p11,first_peak,broadband
0.0262478016348126,p11_H'_7_8,p11,first_peak,broadband
0.0220878733974149,p11_H'_8_9,p11,first_peak,broadband
0.0385378111971233,p11_H'_9_10,p11,first_peak,broadband
0.0155442211856542,p11_Id'_2_3,p11,first_peak,broadband
0.0139717559734236,p11_Id'_3_4,p11,first_peak,broadband
0.0130356528548525,p11_Id'_4_5,p11,first_peak,broadband
0.0137950484394245,p11_Id'_5_6,p11,first_peak,broadband
0.0140183371335084,p11_Id'_6_7,p11,first_peak,broadband
0.0127215653727899,p11_Id'_8_9,p11,first_peak,broadband
0.0346364688807074,p11_Ie'_6_7,p11,first_peak,broadband
0.0296142844782952,p11_Ie'_7_8,p11,first_peak,broadband
0.0323561125330329,p11_Ie'_8_9,p11,first_peak,broadband
0.0337007021761437,p11_Ie'_10_11,p11,first_peak,broadband
0.0304409248435078,p11_Ie'_11_12,p11,first_peak,broadband
0.0224485862092591,p11_OF'_3_4,p11,first_peak,broadband
0.0201307479993845,p11_OF'_4_5,p11,first_peak,broadband
0.0253629938098571,p11_OF'_9_10,p11,first_peak,broadband
0.0174572394263798,p11_OP'_1_2,p11,first_peak,broadband
0.0172037934431699,p11_OP'_2_3,p11,first_peak,broadband
0.0200177046213509,p11_OP'_3_4,p11,first_peak,broadband
0.0158760288477923,p11_OP'_4_5,p11,first_peak,broadband
0.0165050946036885,p11_T'_2_3,p11,first_peak,broadband
0.0345938351145822,p11_T'_3_4,p11,first_peak,broadband
0.0434636235575408,p11_T'_4_5,p11,first_peak,broadband
0.0485515365446518,p11_T'_5_6,p11,first_peak,broadband
0.0490822240250347,p11_T'_6_7,p11,first_peak,broadband
0.0242121521296975,p11_T'_7_8,p11,first_peak,broadband
0.0516790371879771,p11_T'_8_9,p11,first_peak,broadband
0.0200456955480913,p11_T'_9_10,p11,first_peak,broadband
0.0100506805299871,p01_A_3_4,p01,second_peak,broadband
0.0133823520976056,p01_A_4_5,p01,second_peak,broadband
0.0111888252370514,p01_A_9_10,p01,second_peak,broadband
0.0082332793716239,p01_A_10_11,p01,second_peak,broadband
0.0119384129964981,p01_B_1_2,p01,second_peak,broadband
0.0097763128879586,p01_B_2_3,p01,second_peak,broadband
0.0107038172300841,p01_B_3_4,p01,second_peak,broadband
0.0075221785090379,p01_B_4_5,p01,second_peak,broadband
0.0078031080167207,p01_B_5_6,p01,second_peak,broadband
0.0092364052305647,p01_GPH_7_8,p01,second_peak,broadband
0.0175328510524953,p01_H_2_3,p01,second_peak,broadband
0.0132115475844976,p01_H_8_9,p01,second_peak,broadband
0.0186149104489439,p01_H_9_10,p01,second_peak,broadband
0.0141310353394538,p01_H_10_11,p01,second_peak,broadband
0.0112762603880855,p01_H_11_12,p01,second_peak,broadband
0.0114415350270328,p01_H_12_13,p01,second_peak,broadband
0.0100442743072721,p01_H_13_14,p01,second_peak,broadband
0.0131867386546647,p01_OF_6_7,p01,second_peak,broadband
0.009524025955628,p01_T_1_2,p01,second_peak,broadband
0.0099886774160097,p01_T_2_3,p01,second_peak,broadband
0.0086132374855907,p01_T_3_4,p01,second_peak,broadband
0.0101435996294148,p01_T_4_5,p01,second_peak,broadband
0.009907160582275,p01_T_5_6,p01,second_peak,broadband
0.0116248306417877,p01_T_6_7,p01,second_peak,broadband
0.0104973310020765,p01_T_7_8,p01,second_peak,broadband
0.0101475859126603,p01_TB_3_4,p01,second_peak,broadband
0.0090912443006947,p01_TB_4_5,p01,second_peak,broadband
0.0107858456682472,p01_TB_5_6,p01,second_peak,broadband
0.0080028180081515,p01_TB_11_12,p01,second_peak,broadband
0.0193204845628882,p02_H_5_6,p02,second_peak,broadband
0.0329365632647092,p02_H_6_7,p02,second_peak,broadband
0.0342265166788897,p02_H_7_8,p02,second_peak,broadband
0.0161825601465943,p02_H_8_9,p02,second_peak,broadband
0.0318068726168759,p02_H_9_10,p02,second_peak,broadband
0.0229081057879339,p02_H_10_11,p02,second_peak,broadband
0.0177497487536879,p02_H_11_12,p02,second_peak,broadband
0.0131600867009843,p02_H_12_13,p02,second_peak,broadband
0.0085699135489174,p02_H_13_14,p02,second_peak,broadband
0.0072192735884992,p02_H_14_15,p02,second_peak,broadband
0.0196375443894327,p02_H'_5_6,p02,second_peak,broadband
0.0234541726663771,p02_H'_6_7,p02,second_peak,broadband
0.0214356601326412,p02_H'_7_8,p02,second_peak,broadband
0.0257118937549881,p02_H'_8_9,p02,second_peak,broadband
0.0157391847296325,p02_H'_9_10,p02,second_peak,broadband
0.0138086984403529,p02_H'_10_11,p02,second_peak,broadband
0.0087742284433745,p02_H'_11_12,p02,second_peak,broadband
0.0135325702112512,p02_H'_12_13,p02,second_peak,broadband
0.0085299646631135,p02_Im'_5_6,p02,second_peak,broadband
0.0083249036939422,p02_Im'_6_7,p02,second_peak,broadband
0.010195779243435,p02_Im'_7_8,p02,second_peak,broadband
0.011683647685844,p02_Ip_1_2,p02,second_peak,broadband
0.0131890666998041,p02_Ip'_7_8,p02,second_peak,broadband
0.0122022423369692,p02_OF_12_13,p02,second_peak,broadband
0.0119442521329022,p03_A'_1_2,p03,second_peak,broadband
0.0110040320005407,p03_A'_2_3,p03,second_peak,broadband
0.0097554869075645,p03_A'_3_4,p03,second_peak,broadband
0.0099601585182905,p03_A'_11_12,p03,second_peak,broadband
0.0078094389104461,p03_A'_12_13,p03,second_peak,broadband
0.009898873661277,p03_A'_13_14,p03,second_peak,broadband
0.0086506401902761,p03_B'_1_2,p03,second_peak,broadband
0.0113564338847289,p03_B'_2_3,p03,second_peak,broadband
0.0085501145157459,p03_B'_3_4,p03,second_peak,broadband
0.0105130248754562,p03_B'_8_9,p03,second_peak,broadband
0.011329126981422,p03_B'_11_12,p03,second_peak,broadband
0.0098392900684184,p03_B'_12_13,p03,second_peak,broadband
0.0088447225233029,p03_C'_1_2,p03,second_peak,broadband
0.029193265974002,p03_H_6_7,p03,second_peak,broadband
0.0183970777846407,p03_H'_6_7,p03,second_peak,broadband
0.0100055945939029,p03_H'_7_8,p03,second_peak,broadband
0.0106246363940781,p03_H'_8_9,p03,second_peak,broadband
0.0107348766000069,p03_H'_9_10,p03,second_peak,broadband
0.007204893893869,p03_H'_10_11,p03,second_peak,broadband
0.0090750115581699,p03_Ia'_3_4,p03,second_peak,broadband
0.0093703676640022,p03_Ia'_4_5,p03,second_peak,broadband
0.0081909181156094,p03_OF'_5_6,p03,second_peak,broadband
0.010524154355249,p03_OF'_10_11,p03,second_peak,broadband
0.0115040936474523,p03_OF'_11_12,p03,second_peak,broadband
0.0149169528661091,p03_OP'_4_5,p03,second_peak,broadband
0.0096874154410235,p03_OP'_6_7,p03,second_peak,broadband
0.008322501518827,p03_T'_7_8,p03,second_peak,broadband
0.0090652031598049,p03_TB_10_11,p03,second_peak,broadband
0.0118251058469175,p03_TB'_6_7,p03,second_peak,broadband
0.0110823327989087,p03_TB'_7_8,p03,second_peak,broadband
0.0093772503141422,p03_TB'_8_9,p03,second_peak,broadband
0.0085352369841299,p03_TB'_9_10,p03,second_peak,broadband
0.0073001557111503,p03_TB'_10_11,p03,second_peak,broadband
0.0081859100278653,p03_TP'_2_3,p03,second_peak,broadband
0.0107729573705044,p03_TP'_3_4,p03,second_peak,broadband
0.0096091033705198,p03_TP'_7_8,p03,second_peak,broadband
0.0099833333454262,p03_TP'_8_9,p03,second_peak,broadband
0.0107745752867369,p04_A'_7_8,p04,second_peak,broadband
0.0095885927816387,p04_A'_8_9,p04,second_peak,broadband
0.00941694111103,p04_A'_9_10,p04,second_peak,broadband
0.0120481495345326,p04_A'_10_11,p04,second_peak,broadband
0.0085536853928918,p04_A'_11_12,p04,second_peak,broadband
0.0125090504827001,p04_B'_3_4,p04,second_peak,broadband
0.0086027656655558,p04_B'_4_5,p04,second_peak,broadband
0.0148726441869966,p04_B'_5_6,p04,second_peak,broadband
0.0088854990563882,p04_B'_8_9,p04,second_peak,broadband
0.0116147858974711,p04_B'_9_10,p04,second_peak,broadband
0.0107156246074069,p04_B'_10_11,p04,second_peak,broadband
0.0072823002156816,p04_C'_1_2,p04,second_peak,broadband
0.0104506177440456,p04_C'_4_5,p04,second_peak,broadband
0.0096292007737959,p04_C'_5_6,p04,second_peak,broadband
0.0122801696105655,p04_C'_11_12,p04,second_peak,broadband
0.0103320189965788,p04_C'_12_13,p04,second_peak,broadband
0.0092423088164636,p04_FCA'_6_7,p04,second_peak,broadband
0.0118504163880548,p04_FCA'_9_10,p04,second_peak,broadband
0.0099103424040996,p04_FCA'_10_11,p04,second_peak,broadband
0.0099470754747847,p04_FCA'_11_12,p04,second_peak,broadband
0.0080347207507816,p04_FCA'_12_13,p04,second_peak,broadband
0.0107008448395614,p04_GPH'_1_2,p04,second_peak,broadband
0.0118856861983792,p04_GPH'_2_3,p04,second_peak,broadband
0.0122322769806123,p04_GPH'_10_11,p04,second_peak,broadband
0.0248331031384766,p04_H_7_8,p04,second_peak,broadband
0.0242571192094274,p04_H_8_9,p04,second_peak,broadband
0.0159637514301188,p04_H_9_10,p04,second_peak,broadband
0.0203245894631966,p04_H_10_11,p04,second_peak,broadband
0.0121668942280427,p04_H_11_12,p04,second_peak,broadband
0.0126646940880623,p04_H_12_13,p04,second_peak,broadband
0.0084729562917015,p04_H_13_14,p04,second_peak,broadband
0.0122578672774113,p04_H_14_15,p04,second_peak,broadband
0.0138890275255663,p04_H'_5_6,p04,second_peak,broadband
0.0267261401897752,p04_H'_6_7,p04,second_peak,broadband
0.0187435984312812,p04_H'_7_8,p04,second_peak,broadband
0.024525079300877,p04_H'_8_9,p04,second_peak,broadband
0.0177834807866631,p04_H'_9_10,p04,second_peak,broadband
0.0197043826126404,p04_H'_10_11,p04,second_peak,broadband
0.0149674942891165,p04_H'_11_12,p04,second_peak,broadband
0.0151160104272991,p04_H'_12_13,p04,second_peak,broadband
0.0110720043193324,p04_Hetb'_1_2,p04,second_peak,broadband
0.0086176203183537,p04_Hetp_14_15,p04,second_peak,broadband
0.0092186769372971,p04_OT_2_3,p04,second_peak,broadband
0.0097650134612845,p04_OT_3_4,p04,second_peak,broadband
0.0107369412450304,p04_OT'_1_2,p04,second_peak,broadband
0.0100453181321283,p04_OT'_3_4,p04,second_peak,broadband
0.0100341096854356,p04_OT'_4_5,p04,second_peak,broadband
0.0123366646920184,p04_PFG'_5_6,p04,second_peak,broadband
0.0101613904449249,p04_PFG'_6_7,p04,second_peak,broadband
0.0115889584875476,p04_PFG'_7_8,p04,second_peak,broadband
0.0169190658085612,p04_PFG'_8_9,p04,second_peak,broadband
0.0086356534366112,p04_PFG'_9_10,p04,second_peak,broadband
0.0137134245645563,p04_PFG'_10_11,p04,second_peak,broadband
0.0121457336075634,p04_PFG'_11_12,p04,second_peak,broadband
0.0088302328591271,p05_H_5_6,p05,second_peak,broadband
0.0068679526277246,p05_H_6_7,p05,second_peak,broadband
0.0088386342913647,p05_H_7_8,p05,second_peak,broadband
0.0155922405107827,p05_H_8_9,p05,second_peak,broadband
0.0151327356346462,p05_H_9_10,p05,second_peak,broadband
0.0239199208750734,p05_H_10_11,p05,second_peak,broadband
0.0356663419021742,p05_H_11_12,p05,second_peak,broadband
0.0094841477438318,p05_H'_5_6,p05,second_peak,broadband
0.0249437615559233,p05_H'_6_7,p05,second_peak,broadband
0.017863021048366,p05_H'_7_8,p05,second_peak,broadband
0.0206701565888746,p05_H'_8_9,p05,second_peak,broadband
0.0131512795508956,p05_H'_9_10,p05,second_peak,broadband
0.0130395204457835,p05_H'_10_11,p05,second_peak,broadband
0.017626286014673,p05_H'_11_12,p05,second_peak,broadband
0.0158548265365973,p05_H'_12_13,p05,second_peak,broadband
0.0091366470276944,p05_OF'_7_8,p05,second_peak,broadband
0.0117397790948655,p05_T'_2_3,p05,second_peak,broadband
0.0103997607895739,p05_TB'_1_2,p05,second_peak,broadband
0.0116942592987936,p06_A'_1_2,p06,second_peak,broadband
0.0091474247339771,p06_A'_3_4,p06,second_peak,broadband
0.0089106624429414,p06_B'_1_2,p06,second_peak,broadband
0.0102039415867091,p06_B'_4_5,p06,second_peak,broadband
0.0107863043935617,p06_B'_5_6,p06,second_peak,broadband
0.0070644327936589,p06_B'_6_7,p06,second_peak,broadband
0.0118927244108624,p06_C'_5_6,p06,second_peak,broadband
0.0134775256827799,p06_C'_6_7,p06,second_peak,broadband
0.009098679071805,p06_FCA'_4_5,p06,second_peak,broadband
0.0105469085537966,p06_FCA'_5_6,p06,second_peak,broadband
0.0086010319340926,p06_FCA'_6_7,p06,second_peak,broadband
0.0109537670429835,p06_GC_1_2,p06,second_peak,broadband
0.0108135872521232,p06_GC'_6_7,p06,second_peak,broadband
0.008927347198743,p06_GC'_7_8,p06,second_peak,broadband
0.0064951981434899,p06_GC'_8_9,p06,second_peak,broadband
0.0105528917234889,p06_GC'_9_10,p06,second_peak,broadband
0.0147647650449656,p06_H'_5_6,p06,second_peak,broadband
0.0159779790587301,p06_H'_6_7,p06,second_peak,broadband
0.0209315026343823,p06_H'_7_8,p06,second_peak,broadband
0.016500214175049,p06_H'_8_9,p06,second_peak,broadband
0.0123531430809215,p06_H'_9_10,p06,second_peak,broadband
0.0166825573618745,p06_H'_10_11,p06,second_peak,broadband
0.0134627387770429,p06_H'_11_12,p06,second_peak,broadband
0.0123980409413931,p06_H'_12_13,p06,second_peak,broadband
0.0095523592750864,p06_LesB_1_2,p06,second_peak,broadband
0.0100224103980972,p06_LesB_2_3,p06,second_peak,broadband
0.0065239634899153,p06_LesB_3_4,p06,second_peak,broadband
0.0112770300047113,p06_LesB_4_5,p06,second_peak,broadband
0.0104128010631256,p06_OL'_1_2,p06,second_peak,broadband
0.0102833384013158,p06_OL'_7_8,p06,second_peak,broadband
0.0074853096323201,p06_OL'_9_10,p06,second_peak,broadband
0.0104374779935954,p06_OT'_5_6,p06,second_peak,broadband
0.0112832448278959,p06_OT'_11_12,p06,second_peak,broadband
0.0099199284086617,p06_OT'_12_13,p06,second_peak,broadband
0.008458845366516,p06_TB'_4_5,p06,second_peak,broadband
0.0129997456253735,p06_TB'_9_10,p06,second_peak,broadband
0.0091321993461795,p06_TP'_1_2,p06,second_peak,broadband
0.010285431058387,p06_TP'_2_3,p06,second_peak,broadband
0.0101583347414704,p06_TP'_3_4,p06,second_peak,broadband
0.0180489259781243,p07_H_5_6,p07,second_peak,broadband
0.0119879309495681,p07_H_6_7,p07,second_peak,broadband
0.015987658202883,p07_H_7_8,p07,second_peak,broadband
0.0169437059451316,p07_H_8_9,p07,second_peak,broadband
0.0157866440356909,p07_H_9_10,p07,second_peak,broadband
0.0208505308147212,p07_H_10_11,p07,second_peak,broadband
0.008499340303701,p07_H_11_12,p07,second_peak,broadband
0.0113879877091107,p07_H_12_13,p07,second_peak,broadband
0.0095997796537704,p07_H_13_14,p07,second_peak,broadband
0.0088265941564065,p07_Im_4_5,p07,second_peak,broadband
0.0101135480611581,p07_Im_5_6,p07,second_peak,broadband
0.0088137937230287,p07_Im'_2_3,p07,second_peak,broadband
0.0116821036160627,p07_Im'_3_4,p07,second_peak,broadband
0.0110120649644247,p07_Im'_14_15,p07,second_peak,broadband
0.0084649984243277,p07_OC_5_6,p07,second_peak,broadband
0.0105973342728588,p07_OC_6_7,p07,second_peak,broadband
0.0089224083771612,p07_OP_1_2,p07,second_peak,broadband
0.0123751496387682,p07_OP_2_3,p07,second_peak,broadband
0.0082146117324233,p07_OP_3_4,p07,second_peak,broadband
0.0088952032788109,p07_OP_4_5,p07,second_peak,broadband
0.0097747820636052,p07_PA_2_3,p07,second_peak,broadband
0.0094088316979281,p07_PA_3_4,p07,second_peak,broadband
0.0106905918503421,p08_A_1_2,p08,second_peak,broadband
0.0111982208278605,p08_A_2_3,p08,second_peak,broadband
0.0093767555702893,p08_A_3_4,p08,second_peak,broadband
0.0125430823250278,p08_A_4_5,p08,second_peak,broadband
0.0098225217026864,p08_A_5_6,p08,second_peak,broadband
0.0095610933992986,p08_A_9_10,p08,second_peak,broadband
0.0107167722751077,p08_A_12_13,p08,second_peak,broadband
0.0095166429122278,p08_C_8_9,p08,second_peak,broadband
0.0098800288485043,p08_C_9_10,p08,second_peak,broadband
0.0113564971710385,p08_C_10_11,p08,second_peak,broadband
0.0100687882172001,p08_C_11_12,p08,second_peak,broadband
0.0131815650973736,p08_H_5_6,p08,second_peak,broadband
0.0134108765921815,p08_H_6_7,p08,second_peak,broadband
0.0150786857088438,p08_H_7_8,p08,second_peak,broadband
0.0168202735893178,p08_H_8_9,p08,second_peak,broadband
0.0128755176443631,p08_H_9_10,p08,second_peak,broadband
0.0132689763037969,p08_H_10_11,p08,second_peak,broadband
0.0090776937139562,p08_H_11_12,p08,second_peak,broadband
0.0109652009333428,p08_H_12_13,p08,second_peak,broadband
0.0090740116152171,p08_H_13_14,p08,second_peak,broadband
0.0103272104093198,p08_H'_6_7,p08,second_peak,broadband
0.0135970715983593,p08_H'_7_8,p08,second_peak,broadband
0.0193795496555476,p08_H'_8_9,p08,second_peak,broadband
0.023957107911233,p08_H'_9_10,p08,second_peak,broadband
0.0248210634644696,p08_H'_10_11,p08,second_peak,broadband
0.0140936513089553,p08_H'_11_12,p08,second_peak,broadband
0.0109915915071819,p08_H'_12_13,p08,second_peak,broadband
0.0110652453334687,p08_H'_13_14,p08,second_peak,broadband
0.0071184120765243,p08_Ia_1_2,p08,second_peak,broadband
0.0114173737270116,p08_Ia_2_3,p08,second_peak,broadband
0.0094158506507815,p08_Im_8_9,p08,second_peak,broadband
0.0113846424531572,p08_Im_9_10,p08,second_peak,broadband
0.0106222760307778,p08_T_1_2,p08,second_peak,broadband
0.0125711377969223,p08_T_2_3,p08,second_peak,broadband
0.0100322696670139,p08_T_3_4,p08,second_peak,broadband
0.0080583858007924,p08_T_4_5,p08,second_peak,broadband
0.0105772050793678,p08_T_5_6,p08,second_peak,broadband
0.011178594187928,p08_T_6_7,p08,second_peak,broadband
0.0094970059955952,p08_T_7_8,p08,second_peak,broadband
0.0087862473769521,p08_TB_1_2,p08,second_peak,broadband
0.0086684565823047,p08_TB_2_3,p08,second_peak,broadband
0.0098857442489636,p08_TP_1_2,p08,second_peak,broadband
0.0098304684425511,p08_TP_2_3,p08,second_peak,broadband
0.0081668930515029,p08_TP_3_4,p08,second_peak,broadband
0.0093267938372031,p08_TP_4_5,p08,second_peak,broadband
0.0104082027919197,p08_TP_5_6,p08,second_peak,broadband
0.0104245743070684,p08_TP_6_7,p08,second_peak,broadband
0.0133868776290836,p08_TP_7_8,p08,second_peak,broadband
0.0131493517102689,p08_TP_8_9,p08,second_peak,broadband
0.010581655752987,p08_TP_9_10,p08,second_peak,broadband
0.008999844267388,p08_TP_10_11,p08,second_peak,broadband
0.0126179143464792,p09_A'_1_2,p09,second_peak,broadband
0.012890100638598,p09_A'_2_3,p09,second_peak,broadband
0.0132117944585703,p09_A'_3_4,p09,second_peak,broadband
0.0107954454663349,p09_C_8_9,p09,second_peak,broadband
0.0103337608358863,p09_C_9_10,p09,second_peak,broadband
0.0119314911749248,p09_C_10_11,p09,second_peak,broadband
0.008687416432313,p09_FCA_12_13,p09,second_peak,broadband
0.0241053954544053,p09_H_5_6,p09,second_peak,broadband
0.0200327113273582,p09_H_6_7,p09,second_peak,broadband
0.0391776030431346,p09_H_7_8,p09,second_peak,broadband
0.0203842173279277,p09_H_8_9,p09,second_peak,broadband
0.0390590391256333,p09_H_9_10,p09,second_peak,broadband
0.0157855845806697,p09_H_10_11,p09,second_peak,broadband
0.0129711242015701,p09_H_11_12,p09,second_peak,broadband
0.0092380481433156,p09_H_12_13,p09,second_peak,broadband
0.0093002600108698,p09_H_13_14,p09,second_peak,broadband
0.010132985369522,p09_H'_5_6,p09,second_peak,broadband
0.0133914298124326,p09_H'_8_9,p09,second_peak,broadband
0.013750880338072,p09_H'_9_10,p09,second_peak,broadband
0.0127271602189774,p09_H'_10_11,p09,second_peak,broadband
0.0098874005186955,p09_H'_11_12,p09,second_peak,broadband
0.009361881536298,p09_H'_12_13,p09,second_peak,broadband
0.010872310507201,p09_H'_13_14,p09,second_peak,broadband
0.0125837423761741,p09_H'_14_15,p09,second_peak,broadband
0.0089324057102734,p09_HA'_1_2,p09,second_peak,broadband
0.0119375199698943,p09_HA'_4_5,p09,second_peak,broadband
0.010003209009809,p10_GC_7_8,p10,second_peak,broadband
0.0145621702543616,p10_H_7_8,p10,second_peak,broadband
0.013997950442279,p10_H_8_9,p10,second_peak,broadband
0.0176969134442026,p10_H_9_10,p10,second_peak,broadband
0.0128864205423925,p10_H_10_11,p10,second_peak,broadband
0.0067218851439026,p10_H_11_12,p10,second_peak,broadband
0.0091457975911123,p10_H_12_13,p10,second_peak,broadband
0.0155622524319032,p10_H_13_14,p10,second_peak,broadband
0.0114182577749537,p10_H_14_15,p10,second_peak,broadband
0.0094369688805141,p10_Ia_4_5,p10,second_peak,broadband
0.0099103776964115,p10_Ia_5_6,p10,second_peak,broadband
0.0112976391236687,p10_Ia_6_7,p10,second_peak,broadband
0.0136754069865088,p10_Ip_6_7,p10,second_peak,broadband
0.0098271153761441,p10_Ip_7_8,p10,second_peak,broadband
0.0097410873468353,p10_Ip_8_9,p10,second_peak,broadband
0.0163380459455392,p11_CP'_5_6,p11,second_peak,broadband
0.0116883670229143,p11_H'_2_3,p11,second_peak,broadband
0.0112878568439949,p11_H'_6_7,p11,second_peak,broadband
0.0084686200326696,p11_H'_7_8,p11,second_peak,broadband
0.0119098650180241,p11_H'_8_9,p11,second_peak,broadband
0.0116450996937944,p11_H'_9_10,p11,second_peak,broadband
0.0075745346774026,p11_Id'_2_3,p11,second_peak,broadband
0.0100843478969172,p11_Id'_3_4,p11,second_peak,broadband
0.0095996238408627,p11_Id'_4_5,p11,second_peak,broadband
0.0096077093774526,p11_Id'_5_6,p11,second_peak,broadband
0.0129594423314885,p11_Id'_6_7,p11,second_peak,broadband
0.0083923355194433,p11_Id'_8_9,p11,second_peak,broadband
0.0232078643664484,p11_Ie'_6_7,p11,second_peak,broadband
0.0154435323370279,p11_Ie'_7_8,p11,second_peak,broadband
0.0134217423991958,p11_Ie'_8_9,p11,second_peak,broadband
0.0109052290443892,p11_Ie'_10_11,p11,second_peak,broadband
0.0100529033320446,p11_Ie'_11_12,p11,second_peak,broadband
0.0103956735527213,p11_OF'_3_4,p11,second_peak,broadband
0.0073090325378741,p11_OF'_4_5,p11,second_peak,broadband
0.0080201453988029,p11_OF'_9_10,p11,second_peak,broadband
0.0085556240952493,p11_OP'_1_2,p11,second_peak,broadband
0.0114766353353627,p11_OP'_2_3,p11,second_peak,broadband
0.0113821936602696,p11_OP'_3_4,p11,second_peak,broadband
0.0125717815521404,p11_OP'_4_5,p11,second_peak,broadband
0.0085742301563137,p11_T'_2_3,p11,second_peak,broadband
0.0162416641060955,p11_T'_3_4,p11,second_peak,broadband
0.0170623653696249,p11_T'_4_5,p11,second_peak,broadband
0.0270465991119333,p11_T'_5_6,p11,second_peak,broadband
0.0213488011377159,p11_T'_6_7,p11,second_peak,broadband
0.0154970790183789,p11_T'_7_8,p11,second_peak,broadband
0.01512895830679,p11_T'_8_9,p11,second_peak,broadband
0.0106258745370455,p11_T'_9_10,p11,second_peak,broadband
